zip,City,mean_ret,low_ret,high_ret,order,seasonal_order
60657,Chicago,0.9900855535134498,0.7912113015380577,1.2364303732635924,"(2, 0, 1)","(0, 0, 0, 12)"
75070,McKinney,1.0276611847803858,0.6935606826235549,1.512047001052784,"(0, 1, 1)","(0, 0, 0, 12)"
77494,Katy,1.1674033196804499,0.8648218219607755,1.5696687710131225,"(2, 1, 0)","(0, 0, 0, 12)"
60614,Chicago,0.9241477703589513,0.5598051407354779,1.5083010939673858,"(0, 1, 1)","(0, 0, 0, 12)"
79936,El Paso,1.0103632377318703,0.8658607427215409,1.1778504098415874,"(0, 0, 2)","(1, 0, 1, 12)"
77084,Houston,1.1260661008938746,0.9168607400666852,1.3806217491304207,"(1, 1, 2)","(0, 0, 1, 12)"
10467,New York,1.0165121792362326,0.6858742354456384,1.4971742231624758,"(0, 0, 2)","(0, 0, 0, 12)"
60640,Chicago,0.9983705640047446,0.7200988174277374,1.3782263458590018,"(0, 0, 2)","(0, 0, 0, 12)"
77449,Katy,1.0940323840852768,0.748787206662616,1.5881018667663136,"(0, 1, 1)","(0, 0, 0, 12)"
94109,San Francisco,1.1318908171283786,0.6374020751085142,1.9817008531192641,"(2, 1, 0)","(0, 0, 0, 12)"
11226,New York,1.0418200937856337,0.5332192575846146,1.9996451166263296,"(0, 0, 3)","(0, 0, 1, 12)"
32162,The Villages,1.1723803092512568,0.702587093701126,1.9332766011325073,"(0, 1, 1)","(0, 0, 0, 12)"
11375,New York,1.010781848740144,0.7334403235486501,1.3870255754090668,"(1, 0, 2)","(0, 0, 0, 12)"
11235,New York,1.0069581092976216,0.7251522546255802,1.3922004593160027,"(0, 0, 2)","(0, 0, 0, 12)"
37013,Nashville,1.2285342873990859,0.9515792009884231,1.5815923267835976,"(2, 1, 0)","(0, 0, 0, 12)"
90250,Hawthorne,1.005932128841421,0.7721812322807319,1.3067347512112104,"(0, 0, 2)","(0, 0, 0, 12)"
60647,Chicago,0.9925435052878032,0.7155188883714276,1.3708577960407486,"(0, 0, 3)","(0, 0, 0, 12)"
37211,Nashville,1.098916703380269,0.7620969404684999,1.5755579859368696,"(1, 0, 1)","(0, 0, 0, 12)"
78660,Pflugerville,1.002263537997058,0.8267304351886743,1.2132512173252028,"(0, 0, 2)","(0, 0, 0, 12)"
60618,Chicago,1.009668890527506,0.744707128549254,1.3636411702885198,"(3, 0, 2)","(0, 0, 0, 12)"
10128,New York,0.9993965238492724,0.3771204948038371,2.5512884198699104,"(0, 0, 2)","(0, 0, 0, 12)"
77573,League City,1.0651544886238076,0.7653600614284205,1.4756080794610404,"(2, 0, 1)","(2, 0, 0, 12)"
77584,Pearland,1.049870215084913,0.8065102237677259,1.362683825970259,"(1, 0, 1)","(0, 0, 0, 12)"
28269,Charlotte,1.1668050178007465,0.905793303022621,1.4987316248831806,"(0, 1, 0)","(0, 0, 0, 12)"
79912,El Paso,1.0213266560227074,0.8599081093376126,1.211578120715312,"(1, 0, 3)","(0, 0, 0, 12)"
78572,Mission,1.1296811557647968,0.7486399213733523,1.6927538651106797,"(1, 0, 2)","(0, 0, 1, 12)"
94565,Pittsburg,1.301047096909888,0.9102848076945028,1.8494882713892902,"(2, 1, 2)","(1, 0, 0, 12)"
30349,Riverdale,1.0371590451713446,0.5378097396466318,1.9648156330467577,"(1, 0, 1)","(0, 0, 0, 12)"
20002,Washington,1.1147113924055947,0.807004723812751,1.5329058982547996,"(0, 1, 3)","(2, 0, 0, 12)"
90046,Los Angeles,0.9928196840312914,0.7057211893104275,1.3901585497702087,"(0, 0, 2)","(0, 0, 0, 12)"
78130,New Braunfels,1.0083843865436375,0.8065166794735344,1.2582277093640344,"(0, 0, 2)","(0, 0, 0, 12)"
78613,Cedar Park,0.9669305929343673,0.725357814904533,1.28444442199131,"(1, 0, 1)","(0, 0, 0, 12)"
20009,Washington,1.0573746472919883,0.8675157325047658,1.2867524358674545,"(0, 0, 2)","(1, 0, 0, 12)"
75052,Grand Prairie,1.286608314915216,0.9714809990516536,1.6979677366455117,"(0, 1, 0)","(0, 0, 0, 12)"
10462,New York,1.0140093336803595,0.7679994506003992,1.3346490505466813,"(0, 0, 2)","(0, 0, 0, 12)"
37042,Clarksville,1.1514200476188365,0.8290567494512364,1.591516446603052,"(0, 1, 2)","(1, 0, 0, 12)"
77429,Cypress,1.0454285709209288,0.7263087345117075,1.4957612681038501,"(0, 1, 1)","(0, 0, 0, 12)"
63376,Saint Peters,1.0041505033422666,0.8469170998873577,1.1891729211866067,"(0, 0, 2)","(0, 0, 0, 12)"
60613,Chicago,0.9909117601733706,0.7699310032174906,1.2720312420516113,"(0, 0, 2)","(0, 0, 0, 12)"
77479,Sugar Land,0.9997161595436597,0.751240789431081,1.3255955182414472,"(0, 1, 2)","(0, 0, 1, 12)"
30044,Lawrenceville,1.1688621864784625,0.7764007013573792,1.7464608284624095,"(0, 1, 1)","(0, 0, 0, 12)"
73099,Yukon,1.0497701246504696,0.9421608223876567,1.16911607377651,"(0, 1, 3)","(0, 0, 0, 12)"
77036,Houston,1.023049331672417,0.6231957081148607,1.6626865479315298,"(1, 0, 2)","(0, 0, 1, 12)"
77433,Cypress,1.0482393968405594,0.8579540286437819,1.2785694440632351,"(0, 1, 3)","(2, 0, 0, 12)"
10463,New York,1.3335518594602862,0.7366493833416964,2.380202662061532,"(1, 1, 3)","(0, 0, 0, 12)"
11230,New York,1.0361756932999042,0.6861910933969093,1.5539488218580537,"(0, 0, 3)","(0, 0, 0, 12)"
60629,Chicago,1.0467844645253133,0.7651910445580021,1.42631700689973,"(0, 0, 2)","(1, 0, 0, 12)"
11209,New York,1.0080686544524107,0.7442075685829923,1.360384013329397,"(0, 0, 2)","(2, 0, 1, 12)"
60625,Chicago,0.9733012422516686,0.7312797977337542,1.291081526232246,"(1, 0, 2)","(0, 0, 0, 12)"
30043,Lawrenceville,1.0894800729343568,0.9010876017372271,1.3151438217263285,"(3, 0, 1)","(0, 0, 1, 12)"
75034,Frisco,1.0279206676030415,0.7978986377317793,1.3207088035756416,"(1, 0, 1)","(1, 0, 1, 12)"
11212,New York,1.232011522790765,0.7332247778419637,2.046422393994735,"(2, 1, 0)","(0, 0, 1, 12)"
75287,Dallas,1.0105176016148079,0.6896161532830855,1.471694240484428,"(1, 0, 1)","(0, 0, 1, 12)"
28277,Charlotte,1.0660585078614255,0.812721972105624,1.3940665363188358,"(2, 0, 1)","(0, 0, 1, 12)"
85032,Phoenix,1.0468263493027279,0.766471202597542,1.4237827793305782,"(2, 0, 3)","(1, 0, 0, 12)"
7030,Hoboken,1.01318323025893,0.6960585516117105,1.4664254493667004,"(0, 0, 2)","(0, 0, 1, 12)"
11214,New York,1.0124374717672555,0.7202406829701242,1.4165236318770167,"(0, 0, 2)","(0, 0, 0, 12)"
21234,Parkville,1.0069873905707913,0.7922864797143309,1.2769058597726832,"(0, 0, 2)","(0, 0, 1, 12)"
33160,Sunny Isles Beach,1.0402097155504848,0.6616529638907199,1.6216959733490195,"(2, 1, 3)","(2, 0, 1, 12)"
78521,Brownsville,0.9688511901572117,0.5905141735922229,1.573972440138636,"(0, 0, 2)","(0, 0, 1, 12)"
23464,Virginia Beach,0.9963108631596156,0.8568326737770312,1.157420031401839,"(1, 0, 1)","(1, 0, 0, 12)"
77077,Houston,1.1442524513072654,0.703077638675218,1.8423172356339081,"(0, 1, 1)","(0, 0, 0, 12)"
94501,Alameda,1.052111468869957,0.7206431187940077,1.5267498825651136,"(2, 0, 1)","(1, 0, 0, 12)"
30096,Duluth,1.2095481450976868,0.8050257689604112,1.8048525170874778,"(1, 0, 1)","(2, 0, 1, 12)"
78704,Austin,1.0410598605639483,0.790729187078575,1.3663269177860362,"(1, 0, 1)","(0, 0, 0, 12)"
98052,Redmond,1.000340455429145,0.6444841525139688,1.5391008574927203,"(0, 1, 1)","(0, 0, 0, 12)"
77379,Tomball,1.0634201351349852,0.7826302827473638,1.4388082851422386,"(0, 1, 1)","(0, 0, 0, 12)"
75243,Dallas,1.1550546009353515,0.603102620836532,2.171709946100219,"(0, 1, 1)","(0, 0, 1, 12)"
11221,New York,1.2215309607677538,0.6947483632215843,2.120178487680254,"(0, 1, 3)","(0, 0, 0, 12)"
78245,San Antonio,1.0830782266392422,0.8160565963980257,1.4324512855185922,"(1, 0, 3)","(2, 0, 1, 12)"
11229,New York,1.2142874445983018,0.9031078526133542,1.6266331262923985,"(3, 0, 2)","(0, 0, 0, 12)"
8701,Lakewood,0.9944595809350086,0.7707629144790081,1.2797344380517106,"(0, 0, 2)","(0, 0, 1, 12)"
60619,Chicago,0.9996338302812013,0.5536373954087808,1.77989180756549,"(0, 0, 2)","(0, 0, 1, 12)"
90034,Los Angeles,1.0069522428721995,0.6866032443893482,1.4680569324421697,"(0, 0, 2)","(0, 0, 0, 12)"
94110,San Francisco,1.1124017935075536,0.4525242910802359,2.6398778773160494,"(0, 1, 1)","(2, 0, 0, 12)"
78666,San Marcos,1.0809092361401498,0.7533367394465393,1.542623698272136,"(1, 0, 2)","(0, 0, 1, 12)"
30024,Suwanee,0.996027578355735,0.7901690736208138,1.2526948323476046,"(1, 0, 2)","(0, 0, 1, 12)"
60610,Chicago,0.9396497540938548,0.7259206854906108,1.2130390297281648,"(1, 0, 2)","(2, 0, 1, 12)"
44107,Lakewood,1.1569114902947026,0.7185507317155092,1.8438725404412952,"(0, 1, 1)","(0, 0, 1, 12)"
75067,Lewisville,1.2294936853469698,1.028772378719046,1.4674878830681217,"(2, 1, 3)","(0, 0, 0, 12)"
33025,Miramar,1.087187988361567,0.7637298256176782,1.5394568489388698,"(1, 0, 1)","(0, 0, 0, 12)"
33411,Royal Palm Beach,1.1111241015364641,0.8746192323495803,1.4081832489557353,"(1, 1, 3)","(0, 0, 0, 12)"
33139,Miami Beach,1.0169304341131975,0.64679121163485,1.5857959293919976,"(1, 1, 3)","(0, 0, 0, 12)"
11377,New York,1.0085766023120202,0.7666272826907808,1.3228112692032092,"(0, 0, 3)","(0, 0, 0, 12)"
90044,Los Angeles,1.008259558693683,0.7377515605603658,1.372578935307492,"(0, 0, 2)","(0, 0, 0, 12)"
48197,Ypsilanti,1.0284137122103862,0.7880765944547417,1.338231990062242,"(0, 0, 2)","(0, 0, 1, 12)"
2169,Quincy,1.1432058049240756,0.9627335834195827,1.3558838868934449,"(0, 0, 1)","(1, 0, 0, 12)"
23462,Virginia Beach,1.0103160980195938,0.8181906398708868,1.245287798464033,"(1, 0, 2)","(0, 0, 0, 12)"
90805,Long Beach,1.0246827795743865,0.8245921637663512,1.2708110035768883,"(1, 0, 1)","(0, 0, 0, 12)"
66062,Olathe,1.1118891442120125,0.9464986015337897,1.3047617627096375,"(2, 1, 2)","(0, 0, 0, 12)"
44035,Elyria,1.0056649115881882,0.7841362919819675,1.286560991317458,"(1, 0, 2)","(1, 0, 0, 12)"
95630,Folsom,0.9965998516283702,0.7979154812094738,1.2422764249949105,"(0, 0, 2)","(0, 0, 0, 12)"
90650,Norwalk,1.0305362202544988,0.8220217258415834,1.289156003420422,"(1, 0, 3)","(0, 0, 0, 12)"
11234,New York,1.1839512488699961,0.7473856483101368,1.858042153139192,"(0, 1, 0)","(0, 0, 0, 12)"
92683,Westminster,1.0030383965163123,0.8271210984112538,1.2145308700686184,"(0, 0, 2)","(0, 0, 0, 12)"
85710,Tucson,1.0514352005868217,0.853112799675785,1.2935574127443104,"(0, 0, 2)","(0, 0, 1, 12)"
78745,Austin,0.9663472096687378,0.6723925736169419,1.3809423116577357,"(1, 0, 1)","(0, 0, 1, 12)"
11355,New York,1.1999378876308386,1.0172290581508125,1.4139127280315347,"(1, 1, 3)","(0, 0, 1, 12)"
10314,New York,1.224757831269168,1.0187371061494768,1.4704053465796871,"(1, 1, 3)","(0, 0, 0, 12)"
30281,Stockbridge,1.0734071587969891,0.7380050476626576,1.5518426998513681,"(2, 1, 0)","(0, 0, 0, 12)"
32210,Jacksonville,1.285001125289402,0.4238079625199286,3.6964626391168296,"(0, 1, 1)","(2, 0, 0, 12)"
37075,Hendersonville,1.0285016956245063,0.8394722454939294,1.257977298610875,"(0, 0, 2)","(0, 0, 1, 12)"
94558,Napa,1.1482713985017783,0.8450472874162688,1.5543055556969576,"(3, 1, 2)","(0, 0, 0, 12)"
11215,New York,1.0837295497966344,0.5548088294773547,2.0756363745873267,"(0, 1, 3)","(2, 0, 0, 12)"
90026,Los Angeles,0.9917018168960584,0.6669052636516333,1.4650577134608678,"(1, 0, 2)","(0, 0, 0, 12)"
85225,Chandler,1.0755776205725665,0.8679940569074944,1.3302384445935869,"(1, 0, 1)","(0, 0, 0, 12)"
91910,Chula Vista,1.0080883487492096,0.8071853050800862,1.256436751443605,"(1, 0, 1)","(0, 0, 0, 12)"
87111,Albuquerque,1.04206957628282,0.7898291480319323,1.3705467728710308,"(3, 0, 2)","(0, 0, 1, 12)"
28027,Concord,1.1392304279694774,0.90111087562934,1.436867060893552,"(0, 1, 1)","(0, 0, 1, 12)"
6010,Bristol,0.9858153072834439,0.7173505441661517,1.3492443874441455,"(0, 0, 2)","(0, 0, 1, 12)"
78240,San Antonio,1.0254876940047435,0.860700032316973,1.220308261564921,"(0, 0, 2)","(2, 0, 1, 12)"
87114,Albuquerque,1.0053797406781841,0.8594203420260568,1.1749591815035678,"(0, 0, 2)","(0, 0, 0, 12)"
89108,Las Vegas,1.150003161432943,0.8638407344508674,1.5257440754024432,"(3, 0, 1)","(0, 0, 0, 12)"
85308,Glendale,1.0829285493229506,0.8439035272140657,1.3859411798994195,"(1, 0, 2)","(1, 0, 0, 12)"
11211,New York,0.9735767581927113,0.44700647751137534,2.0700180651405193,"(0, 0, 2)","(0, 0, 1, 12)"
17603,Lancaster,1.178582449396829,0.8950568054605834,1.546685515552758,"(0, 1, 0)","(0, 0, 0, 12)"
93722,Fresno,1.1157634753942,0.8429513369410802,1.4719392280950478,"(0, 1, 3)","(0, 0, 0, 12)"
80134,Parker,1.124768639658215,0.9988959919441315,1.265774380389968,"(0, 1, 3)","(0, 0, 0, 12)"
48180,Taylor,1.114191727675868,0.7084649655447977,1.7375755824503,"(1, 0, 1)","(0, 0, 0, 12)"
85281,Tempe,1.0109457329625418,0.7452353619991117,1.366251698394457,"(0, 0, 2)","(0, 0, 0, 12)"
78577,Pharr,1.0129773994868954,0.6794223576301004,1.5006410080185746,"(2, 0, 2)","(0, 0, 1, 12)"
94533,Fairfield,1.1466159449173892,0.5673541591156195,2.266343279195863,"(0, 1, 1)","(0, 0, 0, 12)"
15601,Greensburg,1.0173844266775094,0.7925238905390298,1.3027391275044615,"(2, 0, 1)","(0, 0, 1, 12)"
95608,Carmichael,1.0009138428781081,0.523460899488032,1.878192693417386,"(0, 1, 1)","(0, 0, 0, 12)"
43081,Westerville,1.0094279744701686,0.7991683660502913,1.2722073057095231,"(0, 0, 2)","(0, 0, 0, 12)"
44060,Mentor,1.001813457042148,0.8571173973664473,1.1697871520414123,"(0, 0, 3)","(0, 0, 1, 12)"
80013,Aurora,1.0169793432029626,0.7559325483517108,1.3633548912833742,"(0, 0, 2)","(0, 0, 1, 12)"
33024,Pembroke Pines,1.004478963212492,0.6915665200745531,1.4507902802786907,"(0, 0, 2)","(0, 0, 0, 12)"
20906,Silver Spring,1.0095412549650933,0.833002976327407,1.2216702113855005,"(1, 0, 1)","(0, 0, 0, 12)"
33009,Hallandale,1.1323423977492098,0.7377988740057541,1.724722554852784,"(1, 0, 3)","(0, 0, 0, 12)"
90066,Los Angeles,1.0579496231007508,0.7484317645963041,1.4882209178270207,"(0, 0, 2)","(1, 0, 0, 12)"
43123,Grove City,1.0098957613751018,0.7825455813144332,1.2998703973313726,"(0, 0, 3)","(0, 0, 0, 12)"
97229,Portland,1.0096265723330913,0.6580060637723985,1.536303277944092,"(0, 1, 1)","(0, 0, 0, 12)"
76028,Burleson,1.0182681308470323,0.7655079968596533,1.3500460026837862,"(0, 0, 2)","(0, 0, 0, 12)"
91709,Chino Hills,1.1537362944675014,0.698501988636037,1.88301976644291,"(0, 1, 1)","(0, 0, 1, 12)"
11385,New York,1.0290298301721097,0.7595435691352559,1.388884855668178,"(0, 0, 2)","(0, 0, 1, 12)"
85364,Yuma,1.008188523908314,0.7344215773732402,1.3783893468780237,"(3, 0, 0)","(0, 0, 0, 12)"
11373,New York,1.041236765874215,0.8437276824286116,1.2826332164299683,"(3, 0, 0)","(0, 0, 0, 12)"
14850,Ithaca,0.992918430707115,0.7757777618119435,1.2677013483342408,"(2, 0, 1)","(1, 0, 1, 12)"
65807,Springfield,1.228893788759535,0.760172274523233,1.966466702371464,"(0, 1, 0)","(0, 0, 0, 12)"
98012,Bothell,1.4962063868400064,1.046004467295798,2.128354421036151,"(2, 1, 0)","(0, 0, 0, 12)"
77459,Missouri City,1.0470271123536448,0.8364681933490302,1.3077084185421686,"(2, 1, 0)","(0, 0, 0, 12)"
92677,Laguna Niguel,1.0632229987864694,0.8889808733760051,1.2699255163894045,"(1, 0, 3)","(1, 0, 0, 12)"
95823,Sacramento,1.011000874816292,0.6408117017049861,1.5806983704714375,"(2, 1, 0)","(0, 0, 0, 12)"
33908,Fort Myers,1.0662535712616135,0.8366775428589586,1.3554419431796343,"(0, 1, 3)","(0, 0, 0, 12)"
44256,Medina,1.1432296761149001,0.9661470654924915,1.3512240100139228,"(1, 1, 3)","(0, 0, 0, 12)"
2148,Malden,1.062493268671578,0.7004448320508504,1.5996303326612809,"(1, 0, 1)","(1, 0, 0, 12)"
60620,Chicago,1.0171663380873497,0.5095242577295613,1.9924157360710177,"(0, 0, 2)","(0, 0, 0, 12)"
45011,Hamilton,1.1528018663553001,1.0130331308708482,1.3109692773263921,"(1, 0, 3)","(0, 0, 0, 12)"
76063,Mansfield,1.0413386296016969,0.7948687915111471,1.360011522837023,"(1, 0, 1)","(0, 0, 0, 12)"
33647,Tampa,1.029754500777378,0.8838903737603984,1.1985549186585513,"(0, 0, 2)","(1, 0, 1, 12)"
92804,Anaheim,1.0622294061784905,0.889275004213767,1.2671458199324075,"(1, 0, 3)","(0, 0, 0, 12)"
60634,Chicago,1.221897247635035,0.8319016926189376,1.7831016850041486,"(2, 1, 0)","(0, 0, 0, 12)"
8753,Toms River,1.012927367950894,0.7850596812431887,1.303498216255319,"(0, 0, 2)","(0, 0, 1, 12)"
65203,Columbia,1.1012337216531216,0.9197023957635057,1.3168664666966579,"(0, 1, 3)","(1, 0, 0, 12)"
47906,West Lafayette,1.0486986905888045,0.7670999798639171,1.4280123037726833,"(2, 0, 1)","(0, 0, 0, 12)"
98103,Seattle,1.0558096108718598,0.7663004699188055,1.44867691928615,"(0, 0, 2)","(0, 0, 1, 12)"
92345,Hesperia,1.0787687320621397,0.8093429484258786,1.43293175221509,"(1, 0, 1)","(0, 0, 0, 12)"
75228,Dallas,1.4338953328657957,0.9766124694694294,2.092501891064982,"(0, 1, 3)","(1, 0, 0, 12)"
92126,San Diego,1.09998953659174,0.8933156114323126,1.3520662911274266,"(2, 0, 3)","(1, 0, 0, 12)"
90019,Los Angeles,1.1237718993048151,0.8803006032425749,1.4311561815398466,"(0, 0, 2)","(1, 0, 1, 12)"
43130,Lancaster,1.0472716920264986,0.5675658030196273,1.9001095600126217,"(0, 1, 1)","(0, 0, 0, 12)"
60016,Des Plaines,0.9974517091662569,0.8067204695061027,1.2310322973171048,"(0, 0, 2)","(0, 0, 0, 12)"
46307,Crown Point,1.0067588754817822,0.8301938126728454,1.2190418441104187,"(0, 0, 2)","(0, 0, 0, 12)"
76244,Fort Worth,0.9976904821688867,0.7915895978677644,1.2547442358587118,"(0, 0, 2)","(0, 0, 0, 12)"
28314,Fayetteville,0.9946293055200135,0.7996572921924818,1.2347227205683655,"(0, 0, 2)","(0, 0, 1, 12)"
27610,Raleigh,1.2076203003544121,1.0683764154998845,1.3641881584013797,"(2, 1, 3)","(0, 0, 0, 12)"
89121,Las Vegas,1.0808965370855212,0.8001797300428289,1.4546170058442727,"(3, 0, 1)","(0, 0, 0, 12)"
29732,Rock Hill,1.00029023442773,0.7727408352676759,1.2912310410565793,"(1, 0, 1)","(0, 0, 0, 12)"
75056,The Colony,1.0677334885387992,0.7844886783546448,1.4474053435665186,"(1, 0, 1)","(0, 0, 0, 12)"
30040,Cumming,1.016133789151843,0.8455062339521806,1.2194881069334293,"(1, 0, 1)","(0, 0, 0, 12)"
30188,Woodstock,1.1188385725309653,0.8686141384537809,1.4371886861167156,"(1, 0, 2)","(0, 0, 0, 12)"
79938,El Paso,1.0198185013946175,0.8128771087121043,1.2765658378173568,"(2, 1, 0)","(0, 0, 0, 12)"
92336,Fontana,1.0847507489195165,0.7749998932881713,1.510678130338394,"(0, 1, 1)","(1, 0, 0, 12)"
99301,Pasco,0.9450348692397578,0.6084221497447364,1.4550332522590492,"(0, 1, 1)","(0, 0, 0, 12)"
20011,Washington,1.0145814739285675,0.702800946114276,1.4566381253773737,"(0, 0, 3)","(0, 0, 1, 12)"
77095,Houston,1.2967583477369267,0.9471401231311342,1.7676758981559628,"(3, 1, 0)","(0, 0, 0, 12)"
91911,Chula Vista,1.0691382018313524,0.8397503024901943,1.357955402948009,"(0, 0, 3)","(1, 0, 0, 12)"
77845,College Station,1.0898500970976168,0.8472857972926608,1.398017012022495,"(1, 0, 1)","(1, 0, 0, 12)"
92503,Riverside,1.0531982778396,0.6001397349382922,1.8225114899165908,"(0, 1, 1)","(0, 0, 1, 12)"
94536,Fremont,1.1813893662280954,0.8865421092414784,1.568941321213748,"(1, 0, 3)","(1, 0, 0, 12)"
7002,Bayonne,1.347236317249156,0.4695870002026969,3.6866202525793077,"(0, 1, 1)","(0, 0, 1, 12)"
27587,Wake Forest,1.026894611787566,0.8675803624223866,1.2140336841335393,"(1, 0, 2)","(0, 0, 0, 12)"
21740,Hagerstown,1.150820706574905,0.9380777761945095,1.4094066761425672,"(0, 1, 3)","(0, 0, 0, 12)"
11233,New York,1.0671793941742829,0.4753896177867673,2.3342283579342964,"(1, 0, 2)","(0, 0, 0, 12)"
7302,Jersey City,1.0033210959974368,0.5416538941628278,1.8304729815909173,"(0, 0, 2)","(0, 0, 1, 12)"
90280,South Gate,1.000820220042207,0.775618479505709,1.2880168041640279,"(0, 0, 2)","(0, 0, 0, 12)"
22191,Woodbridge,1.0620754030656372,0.8928638461035722,1.2617826750515342,"(3, 0, 0)","(0, 0, 0, 12)"
19111,Philadelphia,1.126427058924897,0.91343807057698,1.3865887569990378,"(0, 1, 3)","(1, 0, 0, 12)"
89117,Las Vegas,1.129635214154302,0.9269973435301712,1.3743216346908065,"(1, 0, 3)","(0, 0, 0, 12)"
87120,Albuquerque,1.0004203629912862,0.8409909000521345,1.1886148045305256,"(2, 0, 0)","(0, 0, 0, 12)"
43230,Gahanna,1.0836755222983199,0.6287436735873863,1.8432586408396598,"(0, 1, 1)","(1, 0, 0, 12)"
40475,Richmond,1.1126126210161282,0.9202215637589053,1.3432431079471974,"(0, 1, 3)","(0, 0, 0, 12)"
46227,Indianapolis,1.0374628372604802,0.7950493201678166,1.3499464385131124,"(0, 0, 2)","(0, 0, 1, 12)"
11236,New York,1.1762427811707339,0.8859504157709216,1.556588256522398,"(0, 1, 3)","(0, 0, 0, 12)"
91730,Rancho Cucamonga,1.1407691460802825,0.8630211308990534,1.5027041121360567,"(0, 1, 1)","(2, 0, 0, 12)"
23320,Chesapeake,0.9930798611128062,0.8418448060339042,1.1701906142559682,"(0, 0, 2)","(0, 0, 0, 12)"
74012,Broken Arrow,1.0301888323501804,0.8333719044480045,1.271130019414727,"(1, 0, 1)","(0, 0, 0, 12)"
90201,Bell,0.9883910724304293,0.7432525242933217,1.3099287827138852,"(2, 0, 1)","(0, 0, 0, 12)"
92592,Temecula,0.9523831436677952,0.7105834106734517,1.2718709606202907,"(1, 0, 2)","(0, 0, 1, 12)"
32244,Jacksonville,1.0020409505081553,0.6934324890600252,1.4401446725010971,"(0, 0, 2)","(0, 0, 0, 12)"
21117,Owings Mills,1.0149648039677344,0.8381685828688409,1.2272379616701063,"(1, 0, 2)","(0, 0, 0, 12)"
92109,San Diego,1.0119141525947466,0.7411544384982501,1.3761775660283693,"(0, 0, 2)","(0, 0, 0, 12)"
34787,Winter Garden,1.0929260070112803,0.769641860652109,1.5440279348693497,"(1, 0, 1)","(0, 0, 0, 12)"
77450,Cinco Ranch,1.0554929547521692,0.7086869280379151,1.5606892476414886,"(0, 1, 1)","(0, 0, 0, 12)"
92101,San Diego,1.005229997952855,0.6438250083381392,1.5570228020269488,"(0, 0, 2)","(1, 0, 0, 12)"
32822,Orlando,1.2085483986229615,0.9060111094110799,1.6066595206124106,"(1, 0, 3)","(0, 0, 0, 12)"
30080,Smyrna,1.1723620751254626,0.8421362387421981,1.6245143872281813,"(2, 0, 1)","(0, 0, 0, 12)"
7093,West New York,1.0802814196853356,0.5590264725393469,2.049987169467551,"(1, 0, 2)","(0, 0, 1, 12)"
60626,Chicago,0.9845201860239834,0.6701639946368605,1.4377322478400028,"(0, 0, 2)","(0, 0, 0, 12)"
90004,Los Angeles,1.0946552706330286,0.7680403412204918,1.552029321350046,"(0, 1, 3)","(2, 0, 0, 12)"
28078,Huntersville,1.0298213475748372,0.858070305438454,1.2342720262871865,"(0, 0, 2)","(0, 0, 1, 12)"
34135,Bonita Springs,1.0640657688919084,0.8459442605571171,1.3354500602804296,"(0, 1, 3)","(0, 0, 0, 12)"
90706,Bellflower,1.030810007423654,0.8183614401384345,1.2955104218410145,"(2, 0, 1)","(0, 0, 0, 12)"
30062,Marietta,1.0854043774580613,0.7652528028217467,1.5316892155726625,"(2, 0, 1)","(1, 0, 0, 12)"
33186,The Crossings,1.1562889863682264,0.9336360460687421,1.429364034051848,"(0, 1, 3)","(1, 0, 0, 12)"
30052,Loganville,1.1913542655091403,0.936088804841404,1.5123278627216274,"(2, 1, 1)","(0, 0, 0, 12)"
30041,Cumming,0.9990625462690099,0.6446959337292079,1.5347991338205953,"(0, 1, 1)","(0, 0, 0, 12)"
33012,Hialeah,1.080552180225463,0.6706127952286611,1.7244074370880456,"(2, 0, 1)","(1, 0, 0, 12)"
30331,Atlanta,0.9084952177313493,0.37734788447921896,2.11849500927712,"(2, 0, 0)","(2, 0, 0, 12)"
11372,New York,1.1224840972569903,0.8801359024562543,1.4281533432411766,"(1, 1, 3)","(0, 0, 1, 12)"
32256,Jacksonville,0.9822282012744045,0.8000315150197218,1.20386956953034,"(3, 0, 1)","(2, 0, 0, 12)"
34711,Clermont,1.1007927365855805,0.8642380341388733,1.3987400327279271,"(0, 0, 2)","(1, 0, 0, 12)"
60649,Chicago,0.9728912631692022,0.3471171053652902,2.6142427220391498,"(3, 0, 0)","(0, 0, 1, 12)"
92335,Fontana,1.2037745701900122,0.9420827311950181,1.534266643445597,"(0, 1, 3)","(2, 0, 0, 12)"
37130,Murfreesboro,1.3372220813134346,0.8879452633134995,1.9986953327317967,"(0, 1, 1)","(0, 0, 0, 12)"
23454,Virginia Beach,1.0239593723995386,0.883345882519711,1.1859062645523786,"(0, 0, 1)","(0, 0, 1, 12)"
38401,Columbia,1.297406353083796,0.9796069936011125,1.71280966686177,"(0, 1, 3)","(0, 0, 0, 12)"
92021,El Cajon,1.0221544112801426,0.8314812232260105,1.2543407044711719,"(1, 0, 2)","(0, 0, 0, 12)"
48185,Westland,1.1994318164399191,1.0089325749911562,1.4241745532818044,"(0, 1, 2)","(0, 0, 1, 12)"
93065,Simi Valley,1.0225050893443652,0.818077004346169,1.2754138216397808,"(2, 0, 0)","(0, 0, 0, 12)"
91342,Los Angeles,1.1023483309120614,0.8973137590772113,1.351819315905871,"(1, 0, 3)","(0, 0, 0, 12)"
44130,Parma Heights,0.9695533716057044,0.5767681937493613,1.610158910753685,"(0, 1, 1)","(0, 0, 0, 12)"
95747,Roseville,1.0476943156676815,0.7869362157800326,1.3901836882967062,"(1, 0, 1)","(0, 0, 1, 12)"
32218,Jacksonville,1.0308697287740978,0.7121028485203511,1.4840882231808439,"(0, 0, 2)","(0, 0, 1, 12)"
95123,San Jose,1.195985602889166,0.8640575118738513,1.6481765429099513,"(2, 0, 1)","(0, 0, 0, 12)"
43026,Hilliard,1.0457984498542157,0.7376977819642427,1.4748070614121966,"(2, 0, 0)","(0, 0, 1, 12)"
20019,Washington,0.8742700128964762,0.5221998914084572,1.4474487565583343,"(1, 0, 2)","(0, 0, 1, 12)"
22193,Woodbridge,1.0415718828463292,0.8649655751386126,1.2524574586030166,"(3, 0, 0)","(0, 0, 0, 12)"
45840,Findlay,1.1184615576047097,0.9480632837352451,1.318028110610923,"(2, 1, 2)","(0, 0, 0, 12)"
80634,Greeley,1.0076628250186626,0.7697159404657237,1.315323915083728,"(0, 0, 2)","(0, 0, 0, 12)"
2155,Medford,1.2541163727736893,1.0617843449694802,1.4795937204816638,"(1, 0, 1)","(2, 0, 1, 12)"
92627,Costa Mesa,1.014191699431623,0.737306755604074,1.3892301547282215,"(2, 0, 1)","(1, 0, 0, 12)"
85705,Tucson,1.058386498138411,0.7387122096624126,1.5082971568514245,"(3, 0, 0)","(0, 0, 0, 12)"
20878,Gaithersburg,0.9988416052795988,0.8592568900688706,1.1600410694933783,"(0, 0, 2)","(0, 0, 0, 12)"
30022,Johns Creek,0.9632989667389338,0.702094205554966,1.3161772639975446,"(1, 0, 1)","(0, 0, 1, 12)"
23666,Hampton,1.0241206455621996,0.8007552963327418,1.3065785964295202,"(2, 0, 2)","(0, 0, 0, 12)"
2360,Plymouth,1.0566183537479166,0.773077466797881,1.4380507125715765,"(2, 1, 0)","(0, 0, 0, 12)"
33064,Pompano Beach,1.096966211834161,0.7330960683358738,1.6302162326014928,"(1, 0, 1)","(0, 0, 0, 12)"
20001,Washington,1.0877949591666256,0.6428425637124663,1.8185770863462745,"(0, 1, 1)","(2, 0, 0, 12)"
29072,Lexington,1.0689695627833102,0.9018635880171215,1.2655220692524776,"(3, 0, 0)","(0, 0, 0, 12)"
11218,New York,1.1060163770721325,0.5749274905489928,2.090350781192255,"(3, 0, 0)","(2, 0, 0, 12)"
33027,Miramar,1.1357760895310596,0.8137651570846868,1.5774415550919763,"(3, 1, 0)","(0, 0, 0, 12)"
89052,Henderson,0.9475027611897954,0.7508777086167026,1.1929226051957627,"(1, 0, 2)","(0, 0, 1, 12)"
90011,Los Angeles,0.9706789132506519,0.6179377162627986,1.5118386024547081,"(1, 0, 3)","(0, 0, 0, 12)"
75206,Dallas,1.0002591588059226,0.698724207792283,1.4244917580741323,"(0, 0, 2)","(0, 0, 1, 12)"
11223,New York,1.0171471653583246,0.6912010985348875,1.4878171158402969,"(0, 0, 2)","(0, 0, 1, 12)"
32174,Ormond Beach,1.0621964869582583,0.8178157362621545,1.3758098467543212,"(0, 0, 2)","(2, 0, 1, 12)"
33063,Margate,1.0958452632960252,0.75858370525578,1.5738643390058356,"(0, 1, 3)","(0, 0, 0, 12)"
87121,Albuquerque,1.0869059623819752,0.9139838448761753,1.290972914901854,"(0, 1, 3)","(0, 0, 0, 12)"
43701,Zanesville,1.0484685335966843,0.6998418805040988,1.5604666474223081,"(3, 0, 0)","(0, 0, 0, 12)"
90025,Los Angeles,1.2591931392276605,0.9820601193068548,1.6104128617323545,"(1, 0, 3)","(0, 0, 1, 12)"
72401,Jonesboro,1.0023657437003552,0.6815989472716658,1.4652641887186735,"(0, 0, 2)","(0, 0, 1, 12)"
90027,Los Angeles,1.0008208514151689,0.7440405833977941,1.3414412316793571,"(0, 0, 2)","(1, 0, 0, 12)"
10701,Yonkers,1.0075381214541683,0.7879829114567751,1.2851374614655937,"(0, 0, 2)","(1, 0, 1, 12)"
44077,Painesville,0.9942573948846425,0.7986637914455808,1.2353515486903572,"(2, 0, 0)","(0, 0, 1, 12)"
75035,Frisco,0.9822948475809522,0.7220279722242932,1.331009047263584,"(1, 0, 1)","(0, 0, 1, 12)"
8831,Monroe,0.9583069111029406,0.7337768548362418,1.247821217525698,"(1, 0, 2)","(0, 0, 1, 12)"
77082,Houston,1.0008576396174038,0.7227258230788998,1.3798973310715938,"(1, 0, 1)","(0, 0, 1, 12)"
34953,Port Saint Lucie,1.0093864941094302,0.6796748442327535,1.489647129163729,"(0, 0, 2)","(0, 0, 0, 12)"
94544,Hayward,1.0242169630369977,0.6940252046653008,1.5020803223282289,"(2, 0, 2)","(0, 0, 0, 12)"
19124,Philadelphia,1.350512640614921,0.7926143062342399,2.273551821514161,"(2, 1, 0)","(0, 0, 0, 12)"
78641,Leander,1.0439299461557632,0.8412323874452149,1.292959090136052,"(1, 0, 3)","(0, 0, 1, 12)"
60616,Chicago,1.01478896486903,0.8095483458403213,1.2694237275359739,"(1, 0, 3)","(0, 0, 0, 12)"
97402,Eugene,1.0843581948996095,0.7996441915195938,1.4647194935795118,"(1, 0, 0)","(1, 0, 0, 12)"
43228,Columbus,1.0265500739829978,0.7069619263745163,1.4820469815805044,"(1, 0, 2)","(0, 0, 1, 12)"
33313,Lauderhill,1.047796006289167,0.6025507173305074,1.7985177876115253,"(1, 0, 1)","(1, 0, 0, 12)"
75150,Mesquite,1.1589919331179575,0.6345623620194193,2.082970590835418,"(1, 0, 1)","(0, 0, 1, 12)"
95051,Santa Clara,1.366300979064456,0.8372493500670234,2.207180313596845,"(3, 0, 3)","(0, 0, 0, 12)"
20147,Ashburn,1.0004734626549274,0.8526098629668009,1.1727698960777198,"(0, 0, 2)","(0, 0, 0, 12)"
55901,Rochester,1.1107563031403291,0.8860073571618767,1.3893649543747422,"(0, 1, 1)","(2, 0, 1, 12)"
23452,Virginia Beach,0.9942930648903522,0.8321083133651315,1.1865573165973127,"(1, 0, 2)","(0, 0, 0, 12)"
91710,Chino,1.1904514241406237,0.7417506852213065,1.8913467348341362,"(0, 1, 1)","(0, 0, 0, 12)"
91335,Los Angeles,1.0032227344233526,0.7698288051534337,1.3035541367330203,"(1, 0, 2)","(0, 0, 0, 12)"
35242,Hoover,1.0141236315310667,0.8595679314236865,1.19513737776578,"(0, 0, 3)","(0, 0, 0, 12)"
30127,Powder Springs,1.0148817745005998,0.7585388882203087,1.3532215096163085,"(0, 0, 2)","(0, 0, 0, 12)"
71913,Hot Springs,0.9997089578998155,0.7850906707850466,1.2699946923685475,"(0, 0, 3)","(2, 0, 0, 12)"
90731,Los Angeles,1.019444895236633,0.820931982232255,1.263556224649467,"(1, 0, 1)","(1, 0, 0, 12)"
29730,Rock Hill,1.0243647302791399,0.6330894656262803,1.6419996702352901,"(0, 0, 3)","(0, 0, 1, 12)"
80015,Aurora,1.078531974174137,0.8405932920365872,1.3800791275841615,"(1, 0, 1)","(0, 0, 0, 12)"
32225,Jacksonville,1.003543787737873,0.7419186471018683,1.3524206027549979,"(0, 0, 2)","(0, 0, 1, 12)"
95687,Vacaville,1.1673330612142407,0.6295495313953111,2.1276345633564873,"(0, 1, 1)","(0, 0, 0, 12)"
27713,Durham,1.1273918975235795,0.9363958372277031,1.3553719407826947,"(1, 1, 2)","(0, 0, 0, 12)"
77840,College Station,1.0244309365254298,0.7588188827259122,1.3779731707765714,"(0, 0, 2)","(0, 0, 1, 12)"
30004,Milton,1.0170887086884266,0.7652690507503672,1.3471859586648889,"(1, 0, 1)","(0, 0, 0, 12)"
43068,Reynoldsburg,0.9783657166610324,0.792430455685662,1.205698805571656,"(1, 0, 1)","(0, 0, 1, 12)"
93550,Palmdale,1.0350138710282624,0.6278755789005844,1.6869170212285238,"(0, 1, 1)","(0, 0, 0, 12)"
11208,New York,0.9508286173236518,0.5031573002242835,1.7677302086524505,"(0, 0, 3)","(2, 0, 0, 12)"
89123,Las Vegas,1.0685984986379335,0.8584940650805961,1.3274603301477899,"(2, 0, 0)","(0, 0, 0, 12)"
94509,Antioch,1.3080556927855898,0.832839050544153,2.0362431345243115,"(2, 1, 1)","(0, 0, 0, 12)"
80525,Fort Collins,1.0303060441128238,0.7749522374299127,1.3650250857180166,"(1, 0, 2)","(0, 0, 0, 12)"
78501,McAllen,1.0071218325437155,0.7158659221982241,1.4102507331271164,"(0, 0, 2)","(0, 0, 1, 12)"
48823,East Lansing,1.0043240831951241,0.7440980300999255,1.350606133100632,"(2, 0, 2)","(1, 0, 0, 12)"
63123,Affton,1.021652145026667,0.8291024564747674,1.2566690153588664,"(1, 0, 1)","(0, 0, 0, 12)"
40601,Frankfort,0.9937433512700279,0.7663132676086909,1.2851630824417155,"(0, 0, 2)","(0, 0, 0, 12)"
21215,Baltimore,0.867942654669535,0.29067784017267134,2.472056596241783,"(0, 0, 2)","(0, 0, 1, 12)"
29464,Mount Pleasant,1.1013321181117597,0.8351112824250874,1.4477731302628956,"(1, 0, 1)","(0, 0, 0, 12)"
60622,Chicago,0.996799882441279,0.7108183397716694,1.3914036307983229,"(0, 0, 2)","(0, 0, 1, 12)"
32828,Orlando,1.1331134654292618,0.910994120031531,1.4065735185804966,"(3, 0, 0)","(0, 0, 0, 12)"
77057,Houston,1.1215084343448796,0.616693401842077,2.0082720585547813,"(2, 1, 1)","(0, 0, 0, 12)"
23451,Virginia Beach,1.0065421338314704,0.8077443245009266,1.251807338056931,"(2, 0, 1)","(0, 0, 1, 12)"
23223,Richmond,1.1222102427713871,0.7416390323038042,1.6860589286365786,"(0, 1, 3)","(1, 0, 0, 12)"
60615,Chicago,0.9995294064374433,0.7028085742583848,1.4144362151832355,"(0, 0, 2)","(0, 0, 1, 12)"
42101,Bowling Green,1.0165816981479048,0.768858016497553,1.3399078654962684,"(0, 0, 2)","(0, 0, 0, 12)"
45601,Chillicothe,1.0608984713236655,0.6550245493065435,1.702162602207914,"(3, 0, 1)","(1, 0, 0, 12)"
30135,Douglasville,1.0145565311854343,0.7039591876095452,1.4543387151197336,"(0, 0, 2)","(0, 0, 0, 12)"
27284,Kernersville,1.0034996114349632,0.8727565895675403,1.152926359404708,"(0, 0, 2)","(0, 0, 0, 12)"
19446,Lansdale,1.000400391509768,0.8501290089180744,1.175970977437318,"(0, 0, 2)","(1, 0, 0, 12)"
14221,Amherst,1.047199961473599,0.3508045988114273,2.8774915598378894,"(2, 0, 1)","(2, 0, 1, 12)"
98115,Seattle,1.0050832345220775,0.7201823886805541,1.3964065990125727,"(0, 0, 2)","(0, 0, 0, 12)"
60641,Chicago,1.0895559126438434,0.8308784743119016,1.424409109085543,"(1, 1, 3)","(0, 0, 1, 12)"
94122,San Francisco,1.0271922283167747,0.7287016142309031,1.441065265805307,"(0, 0, 2)","(0, 0, 1, 12)"
93727,Fresno,1.0015342649397962,0.7632133983400748,1.3103572685667968,"(0, 0, 3)","(0, 0, 0, 12)"
76116,Fort Worth,1.0403972567717112,0.7582854571270787,1.4217196710367996,"(0, 0, 2)","(0, 0, 1, 12)"
21122,Pasadena,1.0110054706725635,0.8464556130253729,1.2059988099876486,"(0, 0, 2)","(0, 0, 1, 12)"
93536,Lancaster,1.045855448391419,0.8299520866266932,1.3149751329040393,"(1, 0, 1)","(0, 0, 0, 12)"
93535,Lancaster,1.0708744091735272,0.7809221070584356,1.462380753096073,"(1, 0, 1)","(0, 0, 0, 12)"
85251,Scottsdale,1.1559862019240121,0.7838520230367765,1.694088363296094,"(1, 0, 1)","(1, 0, 0, 12)"
60453,Oak Lawn,1.0225528927373013,0.5943416969234274,1.729178590706183,"(2, 0, 1)","(1, 0, 0, 12)"
33319,Lauderhill,1.1689837527118971,0.7373962908904718,1.8363710095185442,"(1, 0, 1)","(1, 0, 0, 12)"
78249,San Antonio,1.0256794064939139,0.8575592917219028,1.2251645030886003,"(0, 0, 2)","(0, 0, 1, 12)"
19020,Bensalem,0.9088616363398297,0.679162451539927,1.2118135235922163,"(0, 1, 2)","(0, 0, 1, 12)"
33321,Tamarac,1.0299635601344168,0.7361060255293069,1.4342416084130412,"(2, 0, 1)","(0, 0, 0, 12)"
95758,Elk Grove,1.0296428160264504,0.8179881718713353,1.2932657661381806,"(1, 0, 3)","(0, 0, 0, 12)"
60660,Chicago,0.992643763421972,0.6493399405223889,1.5064265241679133,"(2, 0, 1)","(0, 0, 0, 12)"
93306,Bakersfield,0.9667129103822013,0.724213056806992,1.2858977799024243,"(1, 0, 1)","(0, 0, 1, 12)"
73160,Moore,1.0068052747058633,0.7936811678178889,1.2741904295533195,"(1, 0, 2)","(0, 0, 0, 12)"
14580,Webster,0.979866474279867,0.5404360776804362,1.7509857443867822,"(1, 0, 2)","(0, 0, 1, 12)"
19720,New Castle,0.9574622745467745,0.5402933592893928,1.6746012187174824,"(2, 0, 1)","(1, 0, 0, 12)"
89031,North Las Vegas,1.1279292838096695,0.877726532392523,1.4455582467777959,"(1, 0, 2)","(0, 0, 0, 12)"
93257,Porterville,1.0078078073354058,0.722598046752755,1.3992980006715792,"(0, 0, 3)","(0, 0, 0, 12)"
19120,Philadelphia,1.0306023574136862,0.22539192354864598,4.274265192033525,"(0, 1, 1)","(0, 0, 1, 12)"
27707,Durham,1.1719976145818203,0.8092943628949155,1.6867485045647264,"(0, 1, 1)","(0, 0, 0, 12)"
11204,New York,1.1039768742309304,0.6919382337589156,1.7447051231823598,"(1, 0, 1)","(1, 0, 0, 12)"
93307,Bakersfield,1.126068291972724,0.575657353058334,2.1588843995537785,"(0, 1, 1)","(0, 0, 0, 12)"
33467,Greenacres,1.0190507673511646,0.8253612393524161,1.2557927861816023,"(2, 1, 0)","(0, 0, 0, 12)"
22204,Arlington,1.0208973705617108,0.7916547965965455,1.3130737011432305,"(0, 0, 2)","(0, 0, 1, 12)"
20874,Germantown,0.9928963200726284,0.8440180767540477,1.1667947733931763,"(0, 0, 2)","(1, 0, 1, 12)"
37128,Murfreesboro,1.2479711469825656,0.9952558140012474,1.5613816518400514,"(2, 1, 0)","(0, 0, 0, 12)"
93309,Bakersfield,1.0850365679995626,0.7567379359224914,1.5470101805181617,"(2, 1, 0)","(0, 0, 0, 12)"
95035,Milpitas,0.8650821240323099,0.4900034146527112,1.5073435051300652,"(0, 0, 3)","(0, 0, 1, 12)"
31419,Savannah,1.0089884917417855,0.7993865684743588,1.2707609655531047,"(0, 0, 2)","(1, 0, 0, 12)"
66061,Olathe,1.1602358301297595,0.9182205464399023,1.462648209748195,"(0, 1, 2)","(0, 0, 1, 12)"
11219,New York,1.007880670154875,0.49211556774620213,2.021495413876708,"(2, 0, 1)","(2, 0, 0, 12)"
21222,Dundalk,0.9939742529609298,0.5959782814519711,1.6403020995055249,"(2, 0, 1)","(1, 0, 0, 12)"
60056,Mount Prospect,0.9989332716817331,0.8158851511275541,1.221000920995463,"(1, 0, 2)","(0, 0, 0, 12)"
27703,Durham,1.132266395078638,0.8507103993526435,1.501659605743138,"(2, 1, 0)","(0, 0, 0, 12)"
85282,Tempe,1.1208213082183083,0.8117441157215805,1.5408142738059551,"(1, 0, 1)","(1, 0, 0, 12)"
29223,Columbia,1.0647293935958122,0.5665938671592599,1.9652488295830155,"(0, 1, 1)","(0, 0, 0, 12)"
93230,Hanford,1.1026194382253418,0.8505358220739915,1.4255546874757707,"(1, 0, 3)","(0, 0, 0, 12)"
72712,Bentonville,1.033830947679361,0.7221058810190322,1.4722394135148926,"(2, 0, 1)","(0, 0, 1, 12)"
29445,Goose Creek,1.1571537872209807,0.9297129576917397,1.4373869751113248,"(0, 1, 3)","(0, 0, 1, 12)"
75043,Garland,0.9902314844632417,0.6567614691145158,1.481914279536638,"(2, 0, 0)","(0, 0, 1, 12)"
33157,Village of Palmetto Bay,1.0133143662731905,0.6744396309401117,1.512330266088694,"(0, 0, 2)","(0, 0, 0, 12)"
90802,Long Beach,1.0582141319589957,0.6056826914412827,1.825968058243181,"(0, 0, 2)","(1, 0, 0, 12)"
94538,Fremont,1.086381499662605,0.7747126245638426,1.5161547084723423,"(1, 0, 1)","(0, 0, 0, 12)"
37064,Franklin,1.0399237338729794,0.8072970780581891,1.335786170056289,"(1, 0, 1)","(0, 0, 1, 12)"
98682,Vancouver,1.0050623808213812,0.7593381135292313,1.326085084067903,"(0, 0, 2)","(0, 0, 0, 12)"
94541,Hayward,1.0918018615359053,0.775080291475765,1.5303243802098745,"(2, 0, 2)","(1, 0, 0, 12)"
95076,Watsonville,1.1668798193546221,0.8571461890283897,1.5822899526082044,"(0, 1, 3)","(0, 0, 0, 12)"
60085,Waukegan,1.0112715585169996,0.4317237219975772,2.3021076371594935,"(0, 0, 2)","(0, 0, 0, 12)"
98133,Shoreline,1.0601002060025346,0.6144239931125536,1.8046339939681684,"(0, 1, 1)","(0, 0, 0, 12)"
28601,Hickory,1.0319649573753713,0.8516564131579417,1.2485856769846693,"(0, 0, 2)","(1, 0, 0, 12)"
70726,Denham Springs,0.9960310021241198,0.8059388102699963,1.2286880946651788,"(1, 0, 2)","(1, 0, 0, 12)"
77007,Houston,1.0822367689859276,0.6884541689934143,1.6855240219476777,"(0, 1, 1)","(0, 0, 1, 12)"
75002,Allen,1.0472434250234552,0.7052956951962718,1.544533131404539,"(1, 0, 1)","(0, 0, 1, 12)"
92630,Lake Forest,1.0268027665871131,0.7422768975504135,1.4135957420384613,"(0, 1, 1)","(0, 0, 0, 12)"
93274,Tulare,1.0169962011643645,0.763989346595304,1.349355841927838,"(0, 0, 2)","(0, 0, 1, 12)"
31907,Columbus,1.0114663051778205,0.6026939918245021,1.6792192859813306,"(0, 0, 2)","(0, 0, 1, 12)"
28216,Charlotte,1.0484503127875724,0.7388256688235949,1.4804304942706048,"(0, 0, 3)","(0, 0, 1, 12)"
38655,Oxford,1.0506827197734812,0.8125173258381377,1.355046575619268,"(0, 0, 2)","(1, 0, 0, 12)"
46143,Greenwood,1.0368977767291314,0.7844957373708208,1.3661500209025064,"(2, 0, 0)","(0, 0, 1, 12)"
37167,Smyrna,1.3341586192024248,0.9197559127233146,1.9232224532368292,"(0, 1, 1)","(0, 0, 0, 12)"
32792,Goldenrod,1.1310784540853893,0.7722685510748699,1.6462786281908828,"(1, 0, 1)","(0, 0, 1, 12)"
92647,Huntington Beach,1.0067720778661775,0.8531246364771344,1.1867438575342337,"(2, 0, 1)","(0, 0, 0, 12)"
31088,Warner Robins,1.1943849896002454,0.7711839042639057,1.8342409833975288,"(0, 1, 1)","(0, 0, 1, 12)"
36117,Montgomery,0.9828817069402801,0.7607725296468122,1.2664542871406739,"(0, 0, 2)","(0, 0, 1, 12)"
37122,Mount Juliet,1.0099075894942653,0.7942584533573566,1.2811015329384452,"(0, 0, 2)","(0, 0, 0, 12)"
32246,Jacksonville,1.004653140332091,0.6435000448948438,1.555705706091428,"(2, 0, 2)","(1, 0, 0, 12)"
77521,Baytown,1.061703510264375,0.8750110168746599,1.28617788759827,"(1, 0, 1)","(0, 0, 0, 12)"
99208,Spokane,1.0510455612554106,0.6050507545193557,1.8015963890878977,"(0, 1, 1)","(1, 0, 0, 12)"
77083,Mission Bend,1.2448340848704524,1.063892331225165,1.4551084066639601,"(1, 0, 3)","(0, 0, 0, 12)"
63021,Ballwin,1.0074423651025028,0.8449592018877713,1.1996266929748014,"(1, 0, 1)","(0, 0, 0, 12)"
11368,New York,1.0021456395231083,0.7199825216873341,1.3887349614143722,"(0, 0, 2)","(0, 0, 0, 12)"
29681,Simpsonville,1.1301758374708788,0.8870275749753497,1.4361267917265979,"(0, 1, 2)","(0, 0, 1, 12)"
28205,Charlotte,1.457343034037834,0.9512477093995163,2.2147618157835045,"(0, 1, 0)","(0, 0, 0, 12)"
30253,McDonough,1.1138798599807684,0.8348857023086682,1.4808050273038134,"(2, 1, 0)","(0, 0, 0, 12)"
29485,Summerville,1.1918599066450777,0.9930310214296935,1.4284842120298833,"(0, 1, 3)","(0, 0, 0, 12)"
92104,San Diego,1.0311525833471114,0.8204773347785775,1.2932039137036273,"(2, 0, 1)","(0, 0, 0, 12)"
92115,San Diego,1.0394297915173318,0.787399196418321,1.3678285916054371,"(0, 0, 3)","(0, 0, 1, 12)"
90631,La Habra,1.0572669058493218,0.8939043267905624,1.249052366066959,"(0, 0, 2)","(1, 0, 0, 12)"
15301,Washington,0.9760635244677923,0.8079158067032366,1.1774795899223858,"(0, 0, 2)","(0, 0, 1, 12)"
6516,West Haven,0.984228770872434,0.8081056811562646,1.1968668312617963,"(0, 0, 2)","(0, 0, 1, 12)"
97045,Oregon City,1.1616040720911418,0.840662008815412,1.5979254150055198,"(1, 0, 1)","(0, 0, 0, 12)"
1960,Peabody,1.0491049326209918,0.8751246245707124,1.2559687218759996,"(3, 0, 0)","(0, 0, 0, 12)"
17331,Penn,1.1088266960772095,0.9298445145574366,1.3205997192530727,"(0, 1, 2)","(0, 0, 0, 12)"
32608,Gainesville,1.0366728674810552,0.8347734559973152,1.2849461417710877,"(2, 0, 1)","(0, 0, 1, 12)"
78758,Austin,1.1021860138357142,0.5079573830139663,2.331461684223738,"(1, 0, 2)","(2, 0, 0, 12)"
11203,New York,1.0272035655619371,0.7347389842805379,1.4295886789515642,"(0, 0, 2)","(0, 0, 0, 12)"
33511,Brandon,1.0523932230819266,0.7132413551269298,1.5429187483662123,"(1, 0, 1)","(0, 0, 1, 12)"
63129,Oakville,0.9862294985705394,0.7813043680829342,1.2421329386537405,"(1, 0, 2)","(1, 0, 0, 12)"
85022,Phoenix,1.019714548361952,0.8274031276073613,1.2544486663916115,"(1, 0, 1)","(0, 0, 0, 12)"
92154,San Diego,1.0389404768421087,0.84562139440315,1.2742677395881352,"(3, 0, 1)","(1, 0, 0, 12)"
85204,Mesa,1.0851613127211095,0.8288791012195631,1.4163828634749198,"(1, 0, 1)","(0, 0, 0, 12)"
94513,Brentwood,1.2783156415384784,0.8715291810465285,1.8625070889924933,"(0, 1, 1)","(0, 0, 0, 12)"
87124,Rio Rancho,1.016979814920638,0.7781691768888296,1.32492880006163,"(2, 1, 0)","(2, 0, 0, 12)"
78251,San Antonio,1.0074836843813337,0.8313712074354584,1.2190715038985744,"(0, 0, 2)","(0, 0, 1, 12)"
78741,Austin,1.0336390011333587,0.6311446868234956,1.676257763895009,"(0, 0, 3)","(0, 0, 1, 12)"
89110,Las Vegas,1.1373633002361048,0.7249251487614063,1.769103109918502,"(1, 0, 1)","(0, 0, 1, 12)"
92646,Huntington Beach,1.0122650722855426,0.7590359016959048,1.3453107997445521,"(1, 0, 1)","(0, 0, 1, 12)"
94587,Union City,1.0065520930566028,0.7106978917570587,1.4186112402167357,"(0, 0, 2)","(0, 0, 0, 12)"
37040,Clarksville,1.1310119463551749,0.9302679319379193,1.372895868192411,"(0, 1, 3)","(0, 0, 0, 12)"
74133,Tulsa,0.9918838043515679,0.843097114227515,1.1656624348921358,"(1, 0, 1)","(1, 0, 0, 12)"
98122,Seattle,1.0345586766040764,0.7683165896555191,1.3879894979810867,"(0, 0, 2)","(0, 0, 1, 12)"
11220,New York,0.9769192329822549,0.6181973949863672,1.5309033767054734,"(0, 0, 2)","(1, 0, 1, 12)"
30066,Marietta,1.137946683750552,0.9706326140745482,1.3327577516231117,"(0, 0, 1)","(1, 0, 1, 12)"
21224,Baltimore,0.9836321311788729,0.5657950583526036,1.6892520151307722,"(0, 0, 2)","(0, 0, 1, 12)"
28215,Charlotte,1.3099694735417238,0.8889445274719765,1.9175613140373995,"(0, 1, 0)","(0, 0, 0, 12)"
20852,North Bethesda,0.9932214743042648,0.868228738181368,1.135375826879023,"(0, 0, 2)","(0, 0, 0, 12)"
85142,Queen Creek,1.0105791847993468,0.7910691596031908,1.2878659673415598,"(0, 0, 2)","(0, 0, 0, 12)"
33458,Jupiter,1.0522837322612455,0.6362438178043958,1.7204918908622766,"(0, 1, 1)","(0, 0, 0, 12)"
95355,Modesto,1.2719034153887536,0.7534075810643307,2.121403854952423,"(0, 1, 0)","(0, 0, 0, 12)"
83301,Twin Falls,0.9573264487908496,0.6818942269907539,1.337711657517849,"(1, 0, 2)","(0, 0, 1, 12)"
75211,Dallas,1.2018057848345851,0.6136568355390764,2.3083476276987605,"(0, 1, 3)","(0, 0, 1, 12)"
59901,Kalispell,1.208841064031238,0.942165673688665,1.5470492113475083,"(2, 1, 3)","(0, 0, 1, 12)"
95670,Rancho Cordova,1.091037857061228,0.8341281899762718,1.4228693031570327,"(1, 0, 3)","(0, 0, 0, 12)"
85345,Peoria,1.0437149808723958,0.8309730209188463,1.3080778178116914,"(1, 0, 1)","(0, 0, 0, 12)"
21061,Glen Burnie,0.9913230375122978,0.8375245702804315,1.1720083846489888,"(1, 0, 1)","(2, 0, 1, 12)"
32765,Oviedo,1.0269205637881078,0.7765153080917456,1.3536859657822238,"(1, 0, 1)","(1, 0, 0, 12)"
92376,Rialto,1.165653213756462,0.84045563074149,1.6091845844920674,"(0, 1, 3)","(0, 0, 0, 12)"
43229,Columbus,1.0068254212863863,0.7334336566145392,1.376536126288439,"(0, 0, 2)","(0, 0, 0, 12)"
60148,Lombard,0.9988402973562255,0.8014439388723044,1.2423465520503845,"(1, 0, 1)","(0, 0, 1, 12)"
97401,Eugene,1.0087940451404345,0.7979042244349819,1.2725784742451616,"(0, 0, 2)","(0, 0, 0, 12)"
37421,Chattanooga,1.1164096210633319,0.8025860197605871,1.5454330095926028,"(0, 1, 0)","(0, 0, 0, 12)"
37066,Gallatin,1.1116419494072631,0.7769871986987983,1.5820186684598414,"(1, 0, 1)","(1, 0, 1, 12)"
95014,Cupertino,1.095346163574758,0.6847518078788576,1.7353897308666444,"(2, 0, 3)","(0, 0, 1, 12)"
94568,Dublin,1.0824091425614386,0.6094341357733863,1.8941893019815286,"(0, 1, 1)","(0, 0, 0, 12)"
37027,Brentwood,1.0438830261246599,0.8672532526393057,1.2546814931436052,"(0, 1, 3)","(0, 0, 0, 12)"
45044,Middletown,1.0020518169605277,0.7901363755888463,1.267918118952419,"(0, 0, 2)","(0, 0, 1, 12)"
19067,Lower Makefield,0.9928652494430905,0.8466096913145444,1.163172915856811,"(1, 0, 3)","(0, 0, 1, 12)"
28210,Charlotte,1.1070780866623058,0.88184495177282,1.3868886520838168,"(0, 0, 2)","(1, 0, 0, 12)"
33414,Wellington,1.0456433544876826,0.6605644574780983,1.6394572225219792,"(0, 1, 1)","(0, 0, 0, 12)"
30263,Newnan,1.0128891226152066,0.7332451408990236,1.3933079095062966,"(0, 0, 2)","(0, 0, 0, 12)"
92105,San Diego,0.9756668667115056,0.6533086125976313,1.4471391157517162,"(2, 0, 1)","(0, 0, 1, 12)"
28227,Mint Hill,1.414591085498068,1.0904964675945816,1.8296363675233491,"(2, 1, 0)","(0, 0, 0, 12)"
45013,Hamilton,0.9915774263896044,0.7832281615850558,1.2525110359547826,"(3, 0, 0)","(0, 0, 0, 12)"
85008,Phoenix,1.0216477440280156,0.6213209812790418,1.6633048570419882,"(0, 0, 2)","(0, 0, 0, 12)"
11216,New York,1.2511110880612077,0.598054290068215,2.560445577731723,"(3, 1, 3)","(0, 0, 1, 12)"
70072,Marrero,1.0331061377004729,0.5986516435271958,1.7612511115182345,"(1, 0, 3)","(0, 0, 0, 12)"
27519,Cary,1.0611100474301334,0.8901427139746113,1.2632941388147814,"(1, 0, 1)","(1, 0, 1, 12)"
23322,Chesapeake,1.0004285356751412,0.8418963453481083,1.187378102917975,"(0, 0, 2)","(0, 0, 0, 12)"
94080,South San Francisco,1.1236233746662618,0.8084621039614134,1.554823192485577,"(0, 0, 2)","(1, 0, 1, 12)"
38305,Jackson,1.0186269585047665,0.834412765180089,1.241505714769211,"(1, 0, 1)","(0, 0, 1, 12)"
33433,Boca Raton,1.0392114507441443,0.7992384786831072,1.3473161083975609,"(0, 1, 3)","(0, 0, 0, 12)"
92122,San Diego,1.0124185377801722,0.7029195265337688,1.4502803066515397,"(2, 0, 2)","(1, 0, 0, 12)"
42701,Elizabethtown,1.1440384431189097,0.6913560576077854,1.8716102436044384,"(0, 1, 1)","(0, 0, 0, 12)"
89074,Henderson,1.1964560592701974,0.8765771718045099,1.6259510026771287,"(3, 1, 0)","(0, 0, 0, 12)"
89103,Las Vegas,1.0930958176346226,0.7477997450642876,1.5882813194402563,"(1, 0, 2)","(0, 0, 0, 12)"
77346,Atascocita,1.2113006537353102,0.9157987543180172,1.5965730351955836,"(0, 1, 0)","(0, 0, 0, 12)"
23455,Virginia Beach,0.9941852985131922,0.8122551269766045,1.2148455242044636,"(0, 0, 2)","(0, 0, 1, 12)"
14094,Lockport,0.9925188127394136,0.7795220521897164,1.2607483543973879,"(0, 0, 2)","(0, 0, 1, 12)"
47150,New Albany,1.1907076035205173,0.7583239100441784,1.8537439394569242,"(2, 1, 1)","(1, 0, 1, 12)"
79924,El Paso,1.039631294444361,0.766520809470194,1.4045514257861862,"(1, 1, 2)","(0, 0, 0, 12)"
30058,Lithonia,1.0553261761361628,0.5790105787602032,1.894653018602137,"(2, 0, 0)","(0, 0, 0, 12)"
30047,Lilburn,1.1032892881663194,0.8465843791831466,1.4335992895633674,"(1, 0, 1)","(0, 0, 0, 12)"
12180,Troy,1.0060893366370947,0.8312057119792685,1.2159800899568767,"(0, 0, 2)","(0, 0, 0, 12)"
30101,Acworth,1.0710526202326796,0.810116234277414,1.411542048695123,"(0, 0, 2)","(1, 0, 0, 12)"
33015,Country Club,1.0088141111375282,0.6045621272521348,1.6646423893211002,"(1, 0, 2)","(0, 0, 0, 12)"
60608,Chicago,0.9851379928039332,0.5570069341757867,1.71935775464374,"(3, 0, 1)","(0, 0, 1, 12)"
41042,Florence,1.0079995419161658,0.8377784082437778,1.2111309912887147,"(0, 0, 2)","(0, 0, 0, 12)"
92648,Huntington Beach,1.0208852109772448,0.784517450431186,1.3247390610949212,"(0, 0, 2)","(0, 0, 1, 12)"
55124,Apple Valley,1.0089417394241902,0.7990137513082485,1.271193950873552,"(0, 0, 3)","(0, 0, 0, 12)"
32303,Tallahassee,0.9986657707631023,0.7624940077798109,1.3041606459246735,"(0, 0, 3)","(1, 0, 0, 12)"
78753,Austin,1.0265248060152299,0.642533245081344,1.6251691061519484,"(2, 0, 0)","(0, 0, 0, 12)"
92620,Irvine,1.0318060122154178,0.8397741369027883,1.265555706442156,"(0, 0, 2)","(0, 0, 1, 12)"
94112,San Francisco,1.0179662313630278,0.6196879105793114,1.6550488558481757,"(1, 0, 2)","(1, 0, 0, 12)"
37129,Murfreesboro,1.3392243597374485,0.968630778364128,1.842974235105273,"(0, 1, 0)","(0, 0, 0, 12)"
90640,Montebello,0.9918185254390434,0.7823167133179437,1.2544998958015923,"(2, 0, 1)","(0, 0, 0, 12)"
78759,Austin,1.1428629857934707,0.8890423757568602,1.4653082003742277,"(0, 1, 3)","(0, 0, 0, 12)"
48439,Grand Blanc,1.005425600519655,0.7359987025840541,1.3680978882155777,"(0, 0, 2)","(0, 0, 0, 12)"
89148,Las Vegas,1.0303912304841838,0.8087986567955872,1.3095036152569548,"(1, 0, 1)","(0, 0, 0, 12)"
78254,San Antonio,1.0674179812825264,0.9385899000276138,1.2130828420586586,"(1, 0, 2)","(0, 0, 0, 12)"
33141,Miami Beach,0.9783199815358484,0.3064947806384234,2.9498316833829077,"(0, 1, 1)","(0, 0, 1, 12)"
95112,San Jose,1.3305249342896288,0.841683117583582,2.0855898624400666,"(0, 0, 3)","(1, 0, 0, 12)"
78664,Round Rock,1.1586329532792203,0.8748978966109964,1.5291912299211425,"(1, 0, 3)","(0, 0, 0, 12)"
96815,Honolulu,1.0483107611967302,0.695839702644251,1.5683887575646114,"(1, 0, 2)","(1, 0, 0, 12)"
94087,Sunnyvale,1.2033583989191252,0.7520300106518182,1.9076175447539065,"(1, 0, 1)","(0, 0, 0, 12)"
98208,Seattle Hill-Silver Firs,1.208531084087546,0.8470148216556111,1.7151346903664055,"(1, 0, 1)","(0, 0, 0, 12)"
19148,Philadelphia,1.2262430455118274,0.6351624152655676,2.3229727169878442,"(0, 1, 1)","(1, 0, 0, 12)"
32825,Orlando,1.0927003424274269,0.7910498682676659,1.5028090828191487,"(1, 0, 1)","(0, 0, 0, 12)"
53704,Madison,1.06127326974268,0.704944322105897,1.5854593985564687,"(0, 1, 1)","(1, 0, 0, 12)"
1201,Pittsfield,1.0032724311453718,0.8577705922168546,1.172294777226317,"(0, 0, 2)","(0, 0, 1, 12)"
20904,Silver Spring,1.001413039357443,0.8357267448511854,1.1983593134024522,"(1, 0, 2)","(0, 0, 0, 12)"
95648,Lincoln,1.0438752954072577,0.8284678887781963,1.3124236085779675,"(1, 0, 1)","(1, 0, 0, 12)"
84404,Ogden,1.2579128236674253,0.7081511577624328,2.2014692185389486,"(0, 1, 1)","(0, 0, 0, 12)"
59102,Billings,1.0168202374931417,0.7405576651711461,1.3904817338155626,"(3, 0, 1)","(0, 0, 0, 12)"
8759,Manchester,1.057201462210475,0.78182803007945,1.4242430992673676,"(1, 0, 1)","(0, 0, 0, 12)"
77070,Houston,1.1235877840423487,0.8804313801244706,1.4300938076637777,"(0, 1, 0)","(0, 0, 0, 12)"
2151,Revere,1.0130363312893127,0.7384555106574382,1.3841165865627763,"(0, 0, 2)","(0, 0, 0, 12)"
19131,Philadelphia,1.1506773075180345,0.3998541881517566,3.169862708793664,"(0, 0, 2)","(0, 0, 1, 12)"
96706,Ewa Beach,1.0221609541216288,0.8655015990517089,1.2058186122426364,"(0, 0, 2)","(0, 0, 1, 12)"
78209,San Antonio,1.0271802382673747,0.8096480918103337,1.300168102190749,"(0, 0, 2)","(2, 0, 0, 12)"
75204,Dallas,1.0048619340215121,0.7340053429814094,1.3701927570723205,"(0, 0, 2)","(0, 0, 0, 12)"
39759,Starkville,1.0095843489019043,0.7629608843088789,1.3316947330136784,"(2, 0, 2)","(0, 0, 0, 12)"
95125,San Jose,1.0002169748135643,0.63732591859669,1.5564954791217902,"(1, 0, 2)","(0, 0, 0, 12)"
33436,Boynton Beach,1.0244599416988134,0.5310041871193453,1.9384252441532415,"(0, 1, 1)","(0, 0, 0, 12)"
90036,Los Angeles,0.9988933118634488,0.6748902319934899,1.4693096186836139,"(0, 0, 2)","(0, 0, 1, 12)"
97124,Hillsboro,1.0759804734604659,0.8054941543035553,1.432235979426809,"(1, 0, 1)","(0, 0, 0, 12)"
54601,La Crosse,1.0049919086842152,0.783524008899962,1.2857958758930288,"(0, 0, 2)","(0, 0, 1, 12)"
33463,Greenacres,1.0046245854806426,0.6406950901658375,1.5625207228954032,"(0, 0, 2)","(0, 0, 0, 12)"
29579,Forestbrook,1.0161052458352557,0.7886038395779461,1.3058517053491425,"(0, 0, 2)","(0, 0, 1, 12)"
33021,Hollywood,1.045042368851133,0.7507049622623152,1.4481263142836795,"(3, 0, 1)","(0, 0, 0, 12)"
33324,Plantation,1.0712015439346652,0.5716620170180692,1.9719887600928356,"(0, 1, 1)","(0, 0, 0, 12)"
6511,New Haven,0.9808498228760679,0.673289568951459,1.4207747281786172,"(0, 0, 2)","(1, 0, 0, 12)"
7047,North Bergen,1.2050870651395287,0.8331715618446561,1.7334910479253451,"(0, 1, 3)","(1, 0, 0, 12)"
92562,Murrieta,1.006925081693112,0.8282443701148434,1.2222405960502618,"(1, 0, 1)","(0, 0, 0, 12)"
98034,Kirkland,1.096632975635455,0.605886782613778,1.954356482918475,"(0, 1, 1)","(1, 0, 0, 12)"
8873,Franklin,0.998214560160838,0.8191562403811135,1.214505181704004,"(2, 0, 1)","(1, 0, 0, 12)"
76179,Fort Worth,1.1197422670198338,0.8684850099248984,1.439532765922277,"(0, 1, 0)","(0, 0, 0, 12)"
77375,Tomball,1.120759186368771,0.9352755754855281,1.341195430690426,"(1, 1, 2)","(0, 0, 1, 12)"
11354,New York,1.1050832381084252,0.8748267019738692,1.3927676980063701,"(3, 0, 0)","(0, 0, 0, 12)"
30067,Marietta,1.0330645901568667,0.7540386040937885,1.4095647244323206,"(2, 0, 1)","(1, 0, 1, 12)"
60004,Arlington Heights,1.0031791324489814,0.8610934431996811,1.1675986774483,"(0, 1, 3)","(1, 0, 0, 12)"
20910,Silver Spring,0.9853522692706236,0.7698713468613605,1.2579894254507091,"(2, 0, 2)","(0, 0, 0, 12)"
11746,Huntington,1.0076739043621414,0.6922654560670228,1.4584487485670667,"(0, 0, 2)","(0, 0, 1, 12)"
30075,Roswell,0.969187467555238,0.7358648997255274,1.272441828160638,"(1, 0, 1)","(0, 0, 1, 12)"
85255,Scottsdale,0.9964128779527912,0.868572071811077,1.1421852230123832,"(3, 0, 3)","(0, 0, 0, 12)"
53711,Madison,1.0564248636406661,0.8623309865969409,1.291978763684907,"(2, 0, 0)","(0, 0, 0, 12)"
2780,Taunton,0.8375434176459335,0.46150468136963363,1.4941650011708003,"(0, 1, 1)","(0, 0, 1, 12)"
2135,Boston,0.9946468447785092,0.6585204277230474,1.4918241849936913,"(2, 0, 1)","(1, 0, 0, 12)"
76137,Fort Worth,1.1326779077096663,0.871976170618685,1.4670031667978074,"(1, 0, 2)","(0, 0, 0, 12)"
34668,Port Richey,1.3982899837071923,0.8073506086957326,2.392042511570728,"(1, 1, 2)","(0, 0, 0, 12)"
45140,Loveland,1.012115836182813,0.7977025091349669,1.2812176216216822,"(0, 0, 2)","(0, 0, 1, 12)"
92117,San Diego,1.0362436540583535,0.8103032208033336,1.3218096215964028,"(3, 0, 1)","(1, 0, 0, 12)"
32771,Sanford,1.0386647516238492,0.7361666811436545,1.4583709702708416,"(1, 0, 1)","(0, 0, 0, 12)"
43302,Marion,0.9888502571812653,0.750360464756592,1.2991874374430794,"(2, 0, 0)","(0, 0, 1, 12)"
8527,Jackson,0.96837562529933,0.7787047632892785,1.2018852977103125,"(3, 0, 2)","(0, 0, 1, 12)"
92130,San Diego,1.0085647238245414,0.7888231910387391,1.286322270225362,"(1, 0, 1)","(0, 0, 0, 12)"
22407,Fredericksburg,1.0042285889403781,0.822029963395135,1.22482354029895,"(0, 0, 2)","(2, 0, 0, 12)"
22201,Arlington,0.994312002042811,0.6983115028215992,1.4086158703414149,"(2, 0, 0)","(1, 0, 1, 12)"
19711,Newark,0.8881183291980709,0.5589143093905804,1.3985718080555511,"(2, 0, 1)","(2, 0, 0, 12)"
92128,San Diego,1.0632996238898365,0.854113433723924,1.3210933901899513,"(3, 0, 1)","(1, 0, 0, 12)"
89147,Las Vegas,1.128953737914462,0.9125296635636694,1.394010536189439,"(1, 0, 0)","(1, 0, 0, 12)"
22192,Woodbridge,1.0101146745807867,0.8586615223336128,1.187006246675916,"(1, 0, 1)","(0, 0, 0, 12)"
7728,Freehold,0.9938127067187678,0.8318124838042709,1.1858346981150807,"(0, 0, 3)","(0, 0, 0, 12)"
17601,Manheim,0.9818198138665015,0.8372202778598512,1.1502084856102177,"(0, 0, 2)","(0, 0, 1, 12)"
94591,Vallejo,1.0802873526788717,0.582527651799739,1.9691448838486347,"(0, 1, 1)","(0, 0, 0, 12)"
48066,Roseville,1.0115834128095522,0.6009503706189507,1.6844800081324656,"(0, 0, 2)","(0, 0, 0, 12)"
85201,Mesa,1.0576832305467847,0.6817999547361583,1.6277877090373867,"(1, 0, 2)","(1, 0, 0, 12)"
91331,Los Angeles,1.1738843659804075,0.9983454731282434,1.3787949525077787,"(1, 1, 3)","(1, 0, 1, 12)"
94086,Sunnyvale,1.1263746672264567,0.7025920605299527,1.7889270483741613,"(3, 0, 0)","(0, 0, 1, 12)"
92563,Murrieta,1.0403813711408902,0.8629478560760919,1.2525174847729017,"(1, 0, 3)","(0, 0, 0, 12)"
29483,Summerville,1.1909192760085665,1.0486601808231786,1.3515849791132337,"(0, 1, 3)","(0, 0, 0, 12)"
32839,Orlando,1.1117391951927638,0.6104103842467693,1.9948170152739075,"(1, 0, 1)","(0, 0, 1, 12)"
33023,Miramar,1.2949856989384225,0.8601439291761156,1.9359908416351885,"(3, 0, 0)","(0, 0, 0, 12)"
61761,Normal,1.001931602509646,0.8683193095110919,1.1551442831308476,"(0, 0, 2)","(1, 0, 0, 12)"
45040,Mason,1.027504839261563,0.8207133614455457,1.2837700000432524,"(3, 0, 1)","(0, 0, 0, 12)"
19702,Newark,0.9734569358071371,0.6330431664068223,1.48576885566134,"(3, 0, 1)","(0, 0, 0, 12)"
63301,Saint Charles,1.006610557679555,0.812244049593506,1.2451710945896732,"(0, 0, 2)","(0, 0, 0, 12)"
30144,Kennesaw,1.0046078750629788,0.7622673790293826,1.3199332686401521,"(0, 0, 2)","(0, 0, 0, 12)"
70065,Kenner,0.6557459072605754,0.36195087384638974,1.1711233067147504,"(1, 0, 1)","(2, 0, 0, 12)"
91801,Alhambra,1.0528658879851946,0.818596298353938,1.3506390397689678,"(1, 0, 1)","(0, 0, 0, 12)"
78748,Austin,1.0327658680908305,0.8003585970432969,1.3290256086429362,"(1, 0, 1)","(0, 0, 0, 12)"
79424,Lubbock,0.9865029106917715,0.7638415796943244,1.2706639431423672,"(1, 0, 2)","(1, 0, 0, 12)"
83709,Boise,1.0037834529716125,0.6190008458138206,1.6124691521169578,"(0, 0, 3)","(0, 0, 1, 12)"
19380,West Chester,1.0486232640681756,0.8926987794698256,1.2304812866720083,"(0, 0, 2)","(1, 0, 0, 12)"
72034,Conway,1.003260235150898,0.80884776988115,1.2420058824357936,"(1, 0, 3)","(1, 0, 0, 12)"
27106,Winston-Salem,1.0177504839844889,0.8176251640196168,1.2643697479159466,"(1, 0, 1)","(1, 0, 0, 12)"
90042,Los Angeles,1.2012545351468769,1.0372142139580562,1.3900170075561338,"(0, 1, 3)","(0, 0, 0, 12)"
29588,Socastee,1.0055255754293784,0.7889959245399472,1.2784312347429752,"(0, 0, 2)","(0, 0, 0, 12)"
76051,Grapevine,1.0499284917545164,0.7771129249039835,1.4132191006894486,"(1, 0, 1)","(0, 0, 0, 12)"
45424,Huber Heights,1.0306839370941236,0.7350247018790241,1.4381159188640302,"(2, 1, 0)","(0, 0, 0, 12)"
92020,El Cajon,1.0003757252530496,0.7832251138378122,1.2746340004833028,"(0, 0, 2)","(0, 0, 0, 12)"
21218,Baltimore,0.9788569610595487,0.38938797408075554,2.3793388991665196,"(0, 0, 2)","(1, 0, 0, 12)"
28025,Concord,1.063891819898316,0.7977281561732719,1.4136265749933736,"(0, 1, 0)","(0, 0, 0, 12)"
93308,Oildale,1.0944600204402108,0.9513443868809128,1.2580937293680192,"(0, 1, 3)","(0, 0, 1, 12)"
94553,Martinez,1.070536581877276,0.7711014074743464,1.479502750598117,"(1, 0, 3)","(1, 0, 0, 12)"
73013,Edmond,0.9897244185935462,0.820789182376076,1.1917241365346423,"(2, 0, 1)","(0, 0, 1, 12)"
80219,Denver,1.1786317279498224,0.8094745706965746,1.705543999140681,"(1, 0, 1)","(0, 0, 0, 12)"
30907,Martinez,1.0147372126591314,0.8357501094412074,1.2301822892222887,"(0, 0, 2)","(0, 0, 1, 12)"
10466,New York,1.0580365839640304,0.7187298771668749,1.548026614751745,"(1, 0, 1)","(0, 0, 0, 12)"
78520,Brownsville,1.010698179537446,0.6899864841876269,1.471869783712356,"(0, 0, 2)","(0, 0, 0, 12)"
92882,Corona,1.0532095619445123,0.6204677751511389,1.7652811707603167,"(0, 1, 1)","(0, 0, 0, 12)"
94015,Daly City,1.0057691596541853,0.6980341197624802,1.4411760321956728,"(2, 0, 0)","(0, 0, 0, 12)"
34748,Leesburg,1.0096885876589439,0.7730078837773477,1.3150437487700801,"(0, 0, 2)","(0, 0, 0, 12)"
29229,Columbia,1.0071966155330598,0.7965466514293057,1.2707132229512814,"(1, 0, 2)","(0, 0, 0, 12)"
24060,Blacksburg,1.1029490599145133,0.9454568387552822,1.2854162185045508,"(1, 1, 2)","(0, 0, 0, 12)"
38654,Olive Branch,0.9710568487934504,0.6523202144984718,1.436406701107538,"(0, 0, 3)","(0, 0, 1, 12)"
97504,Medford,1.0224129559888468,0.7741921025498023,1.3459754681980096,"(0, 0, 2)","(0, 0, 1, 12)"
33308,Fort Lauderdale,0.9893393660321432,0.7299216766547509,1.3359630131696845,"(0, 0, 2)","(0, 0, 1, 12)"
7055,Passaic,1.0248837224847631,0.7233353739240317,1.4450519370026327,"(0, 0, 2)","(0, 0, 0, 12)"
73505,Lawton,0.920725363177243,0.4342738948967127,1.9082787347368584,"(0, 0, 2)","(0, 0, 1, 12)"
27603,Raleigh,1.1309866136585838,0.9962995087856842,1.2830153669019775,"(2, 1, 2)","(0, 0, 0, 12)"
60402,Berwyn,1.062773548582841,0.6651834778455273,1.6815673002951237,"(0, 1, 1)","(0, 0, 1, 12)"
92399,Yucaipa,1.1424459109313554,0.8727181726319614,1.4908090157867468,"(2, 1, 0)","(0, 0, 0, 12)"
32137,Palm Coast,1.0384253725427064,0.717660936106228,1.4940223964927788,"(2, 0, 1)","(1, 0, 0, 12)"
98225,Bellingham,1.1773406417885197,0.8818763518582776,1.5663410065268735,"(0, 1, 3)","(0, 0, 0, 12)"
75098,Wylie,0.9087852788567765,0.5976723567268213,1.3707754398034118,"(1, 0, 3)","(0, 0, 1, 12)"
11374,New York,1.1633000021945126,0.8678668085195411,1.5534552897286622,"(2, 1, 1)","(0, 0, 0, 12)"
33312,Fort Lauderdale,1.061648879949786,0.7055881807451811,1.5860117911861213,"(1, 0, 1)","(0, 0, 1, 12)"
85351,Sun City,1.0376868969520965,0.7917982912596778,1.3559164912968926,"(0, 0, 2)","(0, 0, 1, 12)"
75115,Desoto,1.131420455207956,0.8354582489083231,1.5262173555781235,"(2, 0, 1)","(1, 0, 0, 12)"
23112,Midlothian,1.0081126119888257,0.8473645772834458,1.1978636441048558,"(1, 0, 1)","(0, 0, 0, 12)"
65202,Columbia,1.1535210846139203,0.8466533027035742,1.5652484553614368,"(2, 1, 0)","(0, 0, 1, 12)"
78228,San Antonio,1.2204802829305887,0.6887428798499996,2.1313203843109787,"(0, 1, 1)","(0, 0, 0, 12)"
84015,Clearfield,1.261109371975404,0.8249764949621318,1.9128466651115277,"(2, 1, 0)","(0, 0, 0, 12)"
60638,Chicago,1.002165310882201,0.7987674895531279,1.2547534015229718,"(0, 0, 2)","(0, 0, 0, 12)"
78223,San Antonio,1.3625956435194297,0.8930825419757022,2.062769148140649,"(2, 1, 1)","(0, 0, 0, 12)"
30319,Brookhaven,0.9625859639648443,0.6477925712022599,1.4211533429701002,"(2, 0, 1)","(1, 0, 1, 12)"
7003,Bloomfield,0.986866921065638,0.6973703526371408,1.389655946246554,"(1, 0, 2)","(0, 0, 0, 12)"
77373,Spring,1.0574511043019288,0.7768433090187602,1.4333552211763378,"(1, 0, 1)","(0, 0, 1, 12)"
99336,Kennewick,0.9668313103137554,0.522194859501657,1.762537411393211,"(1, 0, 2)","(0, 0, 1, 12)"
97206,Portland,0.9992167353319229,0.6347102999693521,1.5593726282296139,"(1, 0, 1)","(0, 0, 1, 12)"
79109,Amarillo,1.0097366605251623,0.8692490633758454,1.1718570365101162,"(1, 0, 1)","(0, 0, 0, 12)"
92201,Indio,1.0584440346705712,0.5505316823665964,1.9962574304157188,"(0, 1, 1)","(0, 0, 0, 12)"
38016,Memphis,1.1479368535669476,0.9165536756450211,1.4345742603330036,"(2, 1, 0)","(0, 0, 0, 12)"
19382,West Chester,1.0089060498693225,0.8504674895796444,1.1954236209447213,"(1, 0, 2)","(0, 0, 0, 12)"
33437,Boynton Beach,1.025587125756901,0.8589906335087941,1.2229254140921482,"(0, 1, 3)","(0, 0, 0, 12)"
23456,Virginia Beach,0.9987237368977107,0.8589713558032828,1.1601460704694084,"(0, 0, 2)","(2, 0, 0, 12)"
44646,Massillon,1.00627919180262,0.7872786119888138,1.2830659023430089,"(0, 0, 2)","(0, 0, 1, 12)"
75093,Plano,1.0788239440237835,0.7124212877357554,1.6204487284896223,"(0, 1, 1)","(0, 0, 1, 12)"
28645,Lenoir,0.9157753447718376,0.6686984718865735,1.249093377804116,"(3, 0, 1)","(0, 0, 0, 12)"
78230,San Antonio,1.015412175936624,0.7953358305530596,1.293169537518565,"(1, 0, 1)","(1, 0, 1, 12)"
92704,Santa Ana,0.996957562275213,0.7232370181167683,1.3682039360723195,"(1, 0, 1)","(1, 0, 0, 12)"
95008,Campbell,1.2490755968503602,0.8172042663728664,1.8947214819371232,"(1, 0, 3)","(1, 0, 0, 12)"
22030,Fairfax,1.0359898502802816,0.9011207884109589,1.1900891439765109,"(1, 0, 2)","(0, 0, 1, 12)"
60639,Chicago,0.9960642891361648,0.6858936116250204,1.4382538130611713,"(2, 0, 1)","(0, 0, 1, 12)"
48187,Canton,1.0061156639561117,0.7724106760222543,1.3068345941683996,"(0, 0, 2)","(0, 0, 0, 12)"
7306,Jersey City,1.48012831271437,0.3418389105584432,5.83756801929232,"(0, 1, 1)","(0, 0, 0, 12)"
63366,O Fallon,1.012803013481085,0.8162086209152897,1.2543247108403943,"(1, 0, 1)","(2, 0, 1, 12)"
80016,Aurora,1.0470648751114673,0.8136746804348202,1.3436989105299497,"(1, 0, 2)","(0, 0, 1, 12)"
63116,Saint Louis,1.1361058549334597,0.805903622303334,1.594010582330871,"(2, 1, 2)","(1, 0, 0, 12)"
92056,Oceanside,1.000542148534322,0.7905902232776916,1.263388071081747,"(0, 0, 3)","(0, 0, 1, 12)"
19145,Philadelphia,1.0124225123848236,0.5674034616747582,1.7824477109590142,"(0, 0, 2)","(0, 0, 0, 12)"
95350,Modesto,1.4190388309132416,0.8481735078367945,2.3471574171211844,"(2, 1, 0)","(0, 0, 0, 12)"
34698,Dunedin,1.247247385456578,0.8234188016515313,1.8754828527029774,"(1, 0, 1)","(0, 0, 1, 12)"
34997,Stuart,1.0806450187099381,0.803129932755002,1.4488346130914591,"(0, 0, 2)","(1, 0, 0, 12)"
97405,Eugene,1.0492077356344085,0.8696197980847388,1.2640236528892164,"(3, 0, 0)","(0, 0, 0, 12)"
96797,Waipahu,1.0973791270526403,0.9921344624019888,1.2132888989666193,"(2, 1, 2)","(1, 0, 0, 12)"
39503,Gulfport,1.070781689517168,0.8340880075701288,1.3710760221412843,"(1, 1, 2)","(2, 0, 0, 12)"
61265,Moline,0.9857724946356304,0.7818068704512627,1.2402184846247841,"(1, 0, 1)","(0, 0, 1, 12)"
92071,Santee,1.0164106352691233,0.8447255222508978,1.2212675180190582,"(3, 0, 1)","(0, 0, 0, 12)"
80538,Loveland,1.0079505723991835,0.7848561143213307,1.2912161581740833,"(0, 0, 2)","(0, 0, 0, 12)"
78045,Laredo,1.009909098046647,0.8187680226415114,1.2434262891942087,"(1, 0, 2)","(0, 0, 0, 12)"
21206,Baltimore,1.000395364277242,0.4793485450435327,2.0427907951370807,"(1, 0, 1)","(0, 0, 1, 12)"
8021,Lindenwold,1.1495281187879152,0.6956886764106286,1.8798290442681727,"(1, 1, 3)","(0, 0, 0, 12)"
92024,Encinitas,1.0333497341804216,0.6993327539884661,1.5173831905474742,"(3, 0, 1)","(0, 0, 0, 12)"
85383,Peoria,1.027676327638363,0.8641411526305884,1.2206443791920945,"(1, 0, 1)","(0, 0, 0, 12)"
27606,Raleigh,1.1108787895629455,0.8811459894851595,1.3973216212822945,"(1, 0, 0)","(1, 0, 0, 12)"
92656,Aliso Viejo,1.0601142254276656,0.9268812841899904,1.211609001677783,"(1, 0, 3)","(0, 0, 1, 12)"
92553,Moreno Valley,1.152319110803251,0.6889354263283071,1.9044443047293376,"(0, 1, 1)","(0, 0, 0, 12)"
6810,Danbury,0.9966989155199169,0.7956709243082546,1.245951414390327,"(0, 0, 2)","(0, 0, 1, 12)"
10473,New York,1.0465549790756412,0.7722504252305776,1.413028789371502,"(3, 0, 1)","(0, 0, 0, 12)"
56001,Mankato,1.0142252342851323,0.7758749129836705,1.3219014770926731,"(1, 0, 2)","(1, 0, 0, 12)"
22003,Annandale,1.0259350162528187,0.8759790366301682,1.200326095348742,"(1, 0, 1)","(0, 0, 0, 12)"
46032,Carmel,1.012153095598678,0.8434916491943371,1.212908033475797,"(0, 0, 2)","(0, 0, 1, 12)"
85374,Surprise,1.0506201980002654,0.8289064115002736,1.3284907298671438,"(1, 0, 1)","(0, 0, 0, 12)"
45069,West Chester,1.0858645904731339,0.8374966760889195,1.4037828662055893,"(2, 1, 0)","(0, 0, 0, 12)"
23225,Richmond,1.117107791787564,0.6290689571590892,1.9555846165953232,"(0, 1, 1)","(0, 0, 1, 12)"
28546,Jacksonville,1.0067493832522498,0.7953916534881351,1.271422331693215,"(0, 0, 2)","(0, 0, 0, 12)"
89119,Las Vegas,1.0341512538035202,0.6884282697853868,1.5427412096388144,"(3, 0, 1)","(0, 0, 0, 12)"
95624,Elk Grove,0.9967979751169989,0.7367231503713015,1.343744545307316,"(0, 0, 2)","(0, 0, 0, 12)"
4401,Bangor,0.9986893780919912,0.8409790587381664,1.1845583866153888,"(2, 0, 1)","(0, 0, 0, 12)"
63303,Saint Charles,1.0399780043964162,0.8525580435186254,1.2665109807456432,"(1, 0, 1)","(0, 0, 0, 12)"
44124,Lyndhurst,1.0616035982514092,0.8652048697017414,1.3003521493895398,"(1, 1, 2)","(0, 0, 1, 12)"
34952,Port Saint Lucie,1.0720106352357068,0.7279981212735126,1.5686021955237752,"(1, 0, 1)","(0, 0, 0, 12)"
11210,New York,1.0028108527540636,0.6891568110989876,1.4509903520464833,"(0, 0, 2)","(0, 0, 1, 12)"
78253,San Antonio,0.9966922503171316,0.8433867640044359,1.17653622098307,"(0, 0, 2)","(0, 0, 0, 12)"
45238,Cincinnati,1.095337696182975,0.8443072220144936,1.4171179637544413,"(1, 1, 3)","(1, 0, 0, 12)"
30114,Canton,1.0235974563045522,0.8310370652163939,1.2585670736224257,"(0, 0, 2)","(0, 0, 1, 12)"
36830,Auburn,1.0103112653185284,0.8252545021512113,1.2348197907614147,"(0, 0, 2)","(0, 0, 0, 12)"
78550,Harlingen,1.0036756791124841,0.7122703719874551,1.4076399554454044,"(0, 0, 2)","(0, 0, 1, 12)"
97702,Bend,1.277438656907537,0.8225407072847658,1.9670933858379707,"(2, 1, 1)","(0, 0, 0, 12)"
27529,Garner,1.198550736543789,0.8918411260332795,1.6044788767351157,"(0, 1, 0)","(0, 0, 0, 12)"
33418,Palm Beach Gardens,1.1266225328140769,0.8346461846435693,1.5149120993393204,"(1, 1, 2)","(0, 0, 1, 12)"
92509,Riverside,1.08892491372667,0.6095648750795314,1.9159527919980257,"(0, 1, 1)","(0, 0, 0, 12)"
32068,Middleburg,1.0133185486908116,0.7546683840053824,1.3558942439588302,"(0, 0, 3)","(0, 0, 0, 12)"
96720,Hilo,1.00674174940932,0.7254228376740861,1.3910673956816173,"(0, 0, 3)","(0, 0, 0, 12)"
92626,Costa Mesa,0.9836271346917331,0.8169271320299903,1.1826473581753276,"(2, 0, 0)","(0, 0, 0, 12)"
96817,Honolulu,0.9590474959640456,0.7393773679207313,1.2404728861215144,"(1, 0, 2)","(0, 0, 1, 12)"
90006,Los Angeles,1.4282364180778744,1.002416793114173,2.0245772960286956,"(1, 0, 2)","(0, 0, 1, 12)"
37043,Clarksville,1.0164066171550865,0.8176871560744804,1.2610075289655225,"(0, 0, 2)","(0, 0, 0, 12)"
27616,Raleigh,1.148581429666319,0.997512551120789,1.3214479565024557,"(0, 1, 3)","(0, 0, 0, 12)"
12550,Newburgh,1.0031665990749195,0.7966349142573435,1.2605246030255801,"(0, 0, 2)","(1, 0, 0, 12)"
30606,Athens,1.2754629915398383,0.9441645392795316,1.7162258766307512,"(2, 1, 1)","(0, 0, 0, 12)"
75040,Garland,1.2812977941346444,0.9654948718177576,1.6946478293430627,"(2, 1, 0)","(0, 0, 1, 12)"
33065,Coral Springs,1.0415628346102206,0.7764950460861012,1.3920214041450387,"(1, 0, 1)","(0, 0, 1, 12)"
10940,Middletown,0.9888924583982279,0.7440362975110519,1.310008790447609,"(1, 0, 1)","(0, 0, 0, 12)"
89129,Las Vegas,1.0826821132850726,0.8172158453074294,1.4294779302850886,"(1, 0, 1)","(0, 0, 1, 12)"
33914,Cape Coral,1.1767696774877618,0.708492583321343,1.9321341339066187,"(0, 1, 1)","(0, 0, 1, 12)"
60073,Round Lake Beach,1.0019852841603383,0.6680772361060419,1.492897095060911,"(0, 0, 2)","(0, 0, 0, 12)"
92805,Anaheim,1.0760700900964613,0.8896736680118837,1.2995639573533122,"(1, 0, 3)","(0, 0, 0, 12)"
19320,Valley,0.9974173802828578,0.8256744707829123,1.2031428631124876,"(0, 0, 3)","(0, 0, 1, 12)"
92880,Eastvale,1.0956944985444637,0.7508323663146254,1.5888997819504342,"(1, 1, 3)","(0, 0, 0, 12)"
93003,Ventura,1.1087344070877028,0.6957688288425818,1.7495837326096835,"(0, 1, 1)","(0, 0, 1, 12)"
75007,Carrollton,1.019439957846147,0.7280118203329019,1.4206835743425803,"(1, 0, 2)","(0, 0, 0, 12)"
85254,Phoenix,1.1058127565837783,0.9656904204238975,1.2653124118473142,"(1, 0, 3)","(0, 0, 1, 12)"
23185,Williamsburg,0.9666300284472724,0.8348985582139206,1.1181687865963015,"(1, 0, 2)","(1, 0, 1, 12)"
20850,Rockville,0.9981389070202297,0.8516151490803131,1.168683523721461,"(2, 0, 1)","(0, 0, 0, 12)"
87109,Albuquerque,1.0014745050084706,0.7772669535634689,1.2870004792486531,"(0, 0, 2)","(0, 0, 0, 12)"
92253,La Quinta,0.9543424241548696,0.5007917542797043,1.785592383782996,"(0, 1, 1)","(2, 0, 0, 12)"
21228,Catonsville,1.0228334084124446,0.7766201116733691,1.3429680561878685,"(0, 0, 2)","(0, 0, 1, 12)"
90255,Huntington Park,0.9904642656999744,0.727280546193186,1.3435203191954277,"(1, 0, 2)","(0, 0, 0, 12)"
27613,Raleigh,1.0027067076677685,0.8728671335848125,1.1509646308270798,"(0, 0, 2)","(0, 0, 0, 12)"
60630,Chicago,1.0092672313487352,0.8030430532555787,1.2657459909312896,"(1, 0, 1)","(0, 0, 0, 12)"
65802,Springfield,1.0073392792398426,0.7428804851539164,1.3607885514265818,"(1, 0, 1)","(1, 0, 0, 12)"
75149,Mesquite,1.0346292077968642,0.6499335901916634,1.6321036676134992,"(2, 0, 1)","(0, 0, 0, 12)"
94115,San Francisco,1.071773597834133,0.7878512506343988,1.452382356157562,"(0, 1, 3)","(1, 0, 0, 12)"
11434,New York,1.030244739569166,0.8063298707208988,1.3131739872950512,"(2, 0, 1)","(0, 0, 0, 12)"
33810,Lakeland,1.0069661702752672,0.7511802146535339,1.3451673844452778,"(0, 0, 2)","(0, 0, 0, 12)"
55337,Burnsville,1.0614652253016887,0.8417516339254437,1.3355880414887362,"(1, 0, 1)","(1, 0, 1, 12)"
21207,Lochearn,1.028027491331483,0.7018116715250965,1.497073259686042,"(0, 0, 2)","(0, 0, 1, 12)"
17602,Lancaster,1.1684095024696164,0.9419437084257795,1.4466070662945782,"(0, 1, 3)","(0, 0, 0, 12)"
80020,Broomfield,1.1101722788567523,0.846021573518137,1.452122857872418,"(1, 0, 1)","(0, 0, 0, 12)"
19464,Pottstown,0.9955040208345318,0.7722555221139279,1.2799450667701753,"(1, 0, 2)","(0, 0, 0, 12)"
33578,Riverview,1.0308646696419024,0.757229853381384,1.3979296470627165,"(1, 0, 1)","(0, 0, 0, 12)"
85205,Mesa,1.2217630360049552,1.069967151215083,1.3940972849720799,"(0, 0, 2)","(2, 0, 0, 12)"
80123,Denver,1.1593294898871422,0.9097264769636144,1.473629331734043,"(2, 1, 0)","(0, 0, 0, 12)"
49009,Oshtemo,0.9989018459263147,0.7908513881469913,1.2589167136469093,"(0, 0, 2)","(0, 0, 0, 12)"
90024,Los Angeles,1.0369900457134467,0.7877011732741451,1.3609455603806815,"(1, 0, 2)","(0, 0, 0, 12)"
78250,San Antonio,0.9777131145978714,0.7503443600123444,1.2703841824400628,"(0, 0, 2)","(0, 0, 1, 12)"
75061,Irving,1.263874729790949,0.5844712197228562,2.6629306725881876,"(0, 1, 1)","(0, 0, 1, 12)"
75025,Plano,0.9104388069584163,0.6348372082099222,1.2983488630742488,"(1, 0, 1)","(0, 0, 1, 12)"
75703,Tyler,1.020655928936743,0.8357541011148011,1.2444528898476497,"(0, 0, 2)","(0, 0, 0, 12)"
78258,San Antonio,1.0483301524299105,0.8377178906029016,1.309138205316814,"(1, 0, 2)","(1, 0, 0, 12)"
98125,Seattle,1.1026914391637974,0.6482430865233911,1.8522952289483534,"(0, 1, 1)","(1, 0, 0, 12)"
48044,Macomb,1.0021432074845886,0.8138498828152281,1.2318392459728311,"(0, 0, 2)","(0, 0, 0, 12)"
80504,Longmont,1.093076139207735,0.8488212673382902,1.4037018315821368,"(1, 0, 1)","(0, 0, 0, 12)"
33614,Egypt Lake-Leto,1.0113541156269281,0.5724665598774235,1.7637492672978643,"(0, 0, 2)","(0, 0, 0, 12)"
97301,Salem,1.318649963912769,0.9622559039363747,1.79954747758628,"(2, 1, 0)","(0, 0, 1, 12)"
19149,Philadelphia,1.2674002618256253,0.8514388245273979,1.873898216696169,"(0, 1, 3)","(0, 0, 0, 12)"
33176,Kendall,1.055249973509189,0.8038534057212255,1.3810617733991744,"(1, 0, 3)","(1, 0, 0, 12)"
43235,Columbus,1.02557230280227,0.784547013392485,1.336651082498715,"(2, 0, 2)","(0, 0, 0, 12)"
89122,Las Vegas,1.3877152180112435,0.7550893309242606,2.5082314299415067,"(0, 1, 1)","(0, 0, 0, 12)"
93312,Bakersfield,1.0360238073198766,0.6131188393398023,1.7289721814675196,"(0, 1, 1)","(0, 0, 0, 12)"
92618,Irvine,1.0683031525631543,0.8784533287508196,1.2971814426093669,"(0, 0, 2)","(2, 0, 0, 12)"
87112,Albuquerque,1.0212830692284685,0.7829116152433423,1.328419119850949,"(0, 0, 3)","(0, 0, 1, 12)"
78216,San Antonio,1.402551701222806,0.9261479962368379,2.1079833775192443,"(3, 0, 2)","(0, 0, 1, 12)"
20774,Kettering,1.150003371590167,0.9231475861879307,1.429789954152529,"(3, 0, 3)","(1, 0, 1, 12)"
98661,Vancouver,1.0303166832883552,0.751408433789326,1.407060482589356,"(0, 0, 2)","(0, 0, 1, 12)"
23188,Williamsburg,0.9837905013198918,0.8346485885008716,1.1583112097685944,"(2, 0, 1)","(1, 0, 0, 12)"
73072,Norman,0.9964302048711403,0.7790079288364847,1.271336498527004,"(1, 0, 3)","(1, 0, 0, 12)"
96789,Mililani,0.9849373275172503,0.8164462840292026,1.1865013541490677,"(0, 0, 2)","(0, 0, 1, 12)"
29501,Florence,0.9880650788373317,0.8237153909964718,1.183627034796538,"(0, 0, 2)","(0, 0, 0, 12)"
62704,Springfield,0.9412425236625332,0.6684479067823533,1.3184775208066486,"(0, 1, 0)","(0, 0, 0, 12)"
80012,Aurora,1.1258109171319841,0.8001648095217222,1.5759845779978294,"(1, 0, 1)","(1, 0, 0, 12)"
70816,Baton Rouge,1.0565370102799316,0.8121760452298901,1.3704433214445255,"(1, 0, 1)","(1, 0, 1, 12)"
75231,Dallas,1.0050635717663097,0.7333535359948906,1.371936566252625,"(0, 0, 2)","(0, 0, 0, 12)"
19147,Philadelphia,1.2627488486423464,1.006011529279736,1.581699944058919,"(0, 0, 2)","(2, 0, 0, 12)"
78681,Round Rock,1.0428283061621852,0.694204494578847,1.5550784164031188,"(2, 1, 0)","(0, 0, 0, 12)"
15642,North Huntingdon,1.0016672269134197,0.8156800194459289,1.2279502719626587,"(1, 0, 1)","(1, 0, 0, 12)"
70001,Metairie,1.1710031384182207,0.8390393180193437,1.6266811067462588,"(2, 1, 1)","(0, 0, 1, 12)"
91786,Upland,1.086221538504128,0.6811454199058152,1.715215344282608,"(0, 1, 1)","(0, 0, 0, 12)"
29720,Lancaster,0.8932410614296576,0.5277933979694255,1.4948418336619727,"(2, 0, 2)","(1, 0, 1, 12)"
80918,Colorado Springs,1.0844883883216916,0.801958709597793,1.4605885163173602,"(0, 1, 1)","(1, 0, 0, 12)"
78640,Kyle,1.0064341773066916,0.7868474973833555,1.2841506217929133,"(0, 0, 2)","(0, 0, 1, 12)"
60643,Chicago,0.9788438275306198,0.7222329368837207,1.3216933880619806,"(0, 0, 2)","(1, 0, 1, 12)"
78504,McAllen,1.017130619323108,0.8550583676177783,1.208452881333327,"(0, 0, 2)","(0, 0, 1, 12)"
47374,Richmond,1.0109133928415952,0.4719635863964865,2.11605625933719,"(0, 0, 2)","(0, 0, 0, 12)"
97501,Medford,1.3134521213540484,1.038353291004581,1.6577484003945895,"(0, 0, 2)","(2, 0, 1, 12)"
92234,Cathedral City,1.0050038536252055,0.6859217926735826,1.4635583296518837,"(1, 0, 1)","(0, 0, 0, 12)"
46360,Michigan City,1.3573979154688984,0.6205503961464187,2.8948886160266927,"(2, 1, 1)","(2, 0, 0, 12)"
72701,Fayetteville,1.288136493754547,0.8630357007944024,1.909294864939942,"(2, 1, 0)","(0, 0, 0, 12)"
34221,Palmetto,1.1670329947885867,0.7350239107907183,1.8357544454701904,"(0, 1, 1)","(0, 0, 1, 12)"
32935,Melbourne,1.032372169538531,0.7068864612720333,1.4983873188853885,"(2, 0, 0)","(0, 0, 0, 12)"
33020,Hollywood,1.0729128755118664,0.7129321405153284,1.6037896868386259,"(0, 0, 2)","(0, 0, 1, 12)"
29607,Greenville,1.1874910845545312,0.6623174840985699,2.09754894320385,"(0, 1, 1)","(0, 0, 1, 12)"
90028,Los Angeles,1.0097837987788525,0.5815516309944436,1.73186210790073,"(0, 0, 3)","(0, 0, 0, 12)"
29414,Charleston,1.0229515160489808,0.8586844677572141,1.2171237125017302,"(1, 0, 1)","(1, 0, 1, 12)"
12065,Clifton Park,0.951727080737875,0.8052583631341202,1.1235539967546455,"(0, 0, 2)","(0, 0, 1, 12)"
85326,Buckeye,1.1052989671124005,0.8840837855936696,1.3789738832838363,"(1, 0, 1)","(0, 0, 0, 12)"
14120,North Tonawanda,0.9608922459958595,0.549712109724699,1.6562176606318695,"(0, 1, 1)","(0, 0, 0, 12)"
63031,Florissant,1.0504669928383523,0.6306836789568809,1.729664884491619,"(0, 1, 0)","(0, 0, 0, 12)"
11224,New York,1.2882509635604182,0.679292686440621,2.4005258098949342,"(2, 1, 1)","(0, 0, 0, 12)"
97223,Tigard,1.0062382883121426,0.7891781785642941,1.2799411186669214,"(0, 0, 3)","(0, 0, 0, 12)"
40214,Louisville,1.0776074256991937,0.7839201853798146,1.474792082427938,"(2, 1, 1)","(0, 0, 0, 12)"
23434,Suffolk,1.0922925959076868,0.9061395314061055,1.3147731980498327,"(0, 1, 3)","(0, 0, 0, 12)"
89115,Las Vegas,1.0836634504565736,0.7504229430377041,1.5560055751008237,"(1, 0, 1)","(0, 0, 0, 12)"
76133,Fort Worth,1.270712960763788,1.0483115395756528,1.5379364815755459,"(0, 1, 3)","(0, 0, 1, 12)"
77081,Houston,1.0176463685738053,0.6369430250635341,1.6115046304824192,"(1, 0, 2)","(0, 0, 0, 12)"
75068,Little Elm,1.0043235721155437,0.7956892140754439,1.2648787448862906,"(0, 0, 2)","(0, 0, 0, 12)"
77063,Houston,1.0129239687848866,0.6780965404790923,1.5032920268055676,"(0, 0, 2)","(0, 0, 1, 12)"
75080,Richardson,1.1984046355833053,0.675977997791185,2.0942245352743663,"(0, 1, 1)","(1, 0, 0, 12)"
67212,Wichita,0.9967050846796305,0.8175460760996318,1.2131542603911432,"(1, 0, 1)","(1, 0, 1, 12)"
89502,Reno,1.284077255068612,0.9576627228007972,1.7155741963248516,"(3, 0, 0)","(0, 0, 1, 12)"
92057,Oceanside,1.0147642377382922,0.8154275359712033,1.2603514696933011,"(3, 0, 1)","(0, 0, 0, 12)"
27526,Fuquay Varina,1.0970930686550062,0.973353827456697,1.2358314201435525,"(0, 0, 2)","(1, 0, 0, 12)"
77386,Spring,1.0245162405669646,0.8397146524479815,1.247975160402903,"(0, 0, 2)","(1, 0, 0, 12)"
22554,Stafford,1.0291746399057602,0.8335003576956377,1.2684602871957746,"(3, 0, 2)","(1, 0, 0, 12)"
15237,Ross,1.0056001497130609,0.8342429960638466,1.2104510389668195,"(0, 0, 2)","(0, 0, 0, 12)"
85248,Chandler,1.0470473334547694,0.8651463966217909,1.2652959617576274,"(1, 0, 1)","(0, 0, 0, 12)"
33322,Sunrise,1.0102207385923545,0.7070965910422532,1.4359037595706392,"(0, 0, 2)","(0, 0, 0, 12)"
73120,Oklahoma City,1.038576678066252,0.843517152622058,1.2764507727624221,"(1, 0, 3)","(0, 0, 0, 12)"
33178,Doral,1.0056200441985037,0.7991576721128383,1.262683510518103,"(0, 1, 3)","(2, 0, 0, 12)"
7601,Hackensack,1.0030582629982796,0.7792659683314802,1.2877926031339517,"(0, 0, 2)","(0, 0, 0, 12)"
85338,Goodyear,1.0543162517016365,0.8666648666178982,1.2805534374408079,"(2, 0, 0)","(0, 0, 0, 12)"
92708,Fountain Valley,1.0093054793253966,0.8365177274439315,1.2160202876483248,"(1, 0, 1)","(0, 0, 0, 12)"
30016,Covington,1.0015525540277472,0.5820372432761387,1.7029127256367989,"(2, 0, 1)","(0, 0, 1, 12)"
10306,New York,1.159371771528349,0.9683494779982929,1.3862527756376801,"(2, 1, 2)","(2, 0, 0, 12)"
43615,Toledo,1.017118208021822,0.7068737732156712,1.4557380754360314,"(1, 0, 1)","(0, 0, 0, 12)"
33125,Miami,1.0665756216774136,0.6981109033800349,1.6177682412017387,"(0, 0, 2)","(1, 0, 0, 12)"
47401,Bloomington,1.1254346507692983,0.8564041587882825,1.4744688690285233,"(2, 1, 2)","(0, 0, 0, 12)"
7470,Wayne,0.993667843239992,0.8493368509094893,1.161360133032807,"(0, 0, 2)","(1, 0, 0, 12)"
33062,Pompano Beach,1.0874974440199976,0.7783698402371572,1.512438970922727,"(3, 0, 1)","(0, 0, 1, 12)"
57701,Rapid City,0.9778606409548387,0.8079699247896475,1.181635765957593,"(1, 0, 1)","(1, 0, 1, 12)"
38111,Memphis,0.9205275820793913,0.3784327252945581,2.1708425816879817,"(0, 0, 3)","(2, 0, 0, 12)"
27360,Thomasville,1.0100511581125355,0.7981316148505334,1.27537884321294,"(0, 0, 2)","(1, 0, 0, 12)"
77042,Houston,1.0923855226527535,0.7205359443860291,1.643998529285713,"(2, 1, 1)","(1, 0, 0, 12)"
85224,Chandler,1.0760071287091022,0.8644045352724105,1.3367128601856175,"(1, 0, 1)","(0, 0, 0, 12)"
43207,Columbus,1.0638017250197176,0.5075149587215724,2.181965018193473,"(0, 0, 2)","(0, 0, 1, 12)"
70506,Lafayette,1.0067345903561835,0.8321697893601935,1.2161351847584358,"(0, 0, 2)","(0, 0, 1, 12)"
8054,Mt Laurel,1.0059455435413467,0.8303592291045615,1.2168437408821018,"(0, 0, 2)","(1, 0, 1, 12)"
95020,Gilroy,1.0757216717353921,0.8010946660576055,1.43929473472221,"(1, 0, 2)","(0, 0, 0, 12)"
38017,Collierville,1.1629860257581839,0.8705646222090039,1.5480683864341391,"(1, 0, 2)","(1, 0, 0, 12)"
11691,New York,1.0197266111028507,0.555504705617564,1.8441442939642607,"(0, 0, 3)","(1, 0, 0, 12)"
76549,Killeen,0.9946593287462225,0.8621720714021661,1.1465645362232355,"(1, 0, 3)","(1, 0, 0, 12)"
54956,Neenah,1.0285720504996392,0.8079413916051517,1.3063386347274715,"(2, 0, 1)","(0, 0, 0, 12)"
85375,Sun City West,1.1638054211209086,0.8975942187239249,1.5046190054148316,"(0, 1, 3)","(0, 0, 0, 12)"
34655,New Port Richey,0.15745170131229785,0.0005935737630398597,1827.242613833012,"(2, 0, 1)","(0, 0, 0, 12)"
55044,Lakeville,1.093645215863285,0.8753126027304777,1.3635858851009017,"(0, 0, 2)","(1, 0, 1, 12)"
33615,Town 'n' Country,1.0161584416633318,0.6402284897022255,1.5990468512096847,"(0, 0, 2)","(0, 0, 0, 12)"
7083,Union,1.0201519017711351,0.393898883482229,2.538142288370096,"(0, 1, 1)","(0, 0, 0, 12)"
19335,East Brandywine,0.999456020656164,0.8825532513730829,1.131133034368986,"(0, 0, 2)","(0, 0, 0, 12)"
85122,Casa Grande,1.0475301410877271,0.814629290355793,1.343568805568068,"(0, 0, 2)","(0, 0, 1, 12)"
45014,Fairfield,1.0041312850746111,0.8155093821500822,1.234216256771736,"(0, 0, 2)","(0, 0, 0, 12)"
93277,Visalia,1.0421274379548924,0.8218823811441817,1.3183845096275026,"(0, 0, 2)","(0, 0, 1, 12)"
93063,Simi Valley,1.0263182858997861,0.8398499362466508,1.2521360531081216,"(3, 0, 0)","(0, 0, 0, 12)"
27615,Raleigh,0.9869907317813408,0.8201241086209279,1.1861486768272294,"(0, 0, 3)","(0, 0, 1, 12)"
65804,Springfield,1.0183854877243725,0.7539611480447572,1.3705021935995891,"(1, 0, 1)","(0, 0, 1, 12)"
37918,Knoxville,1.1083611306573655,0.8997045850660222,1.3629610425308727,"(1, 0, 3)","(0, 0, 0, 12)"
55106,Saint Paul,1.0664673426356284,0.7755295965361938,1.4604423709224985,"(3, 0, 2)","(0, 0, 0, 12)"
78247,San Antonio,1.0010713750588263,0.8224327170281623,1.2166128144904973,"(0, 0, 2)","(0, 0, 0, 12)"
13760,Union,0.9962399555784424,0.7715595294185164,1.2829424485941594,"(1, 0, 2)","(0, 0, 1, 12)"
96744,Kaneohe,1.0436032952779333,0.8751743321704636,1.2428762402360838,"(2, 0, 1)","(1, 0, 1, 12)"
75071,McKinney,1.1785262330340924,0.8787390379803774,1.5746623603151648,"(2, 1, 1)","(0, 0, 0, 12)"
37660,Kingsport,1.0074093619464595,0.7561552804667436,1.3376665480545122,"(2, 0, 0)","(0, 0, 0, 12)"
98003,Federal Way,1.0818806229091884,0.7992500805123901,1.4587634485221646,"(1, 0, 0)","(1, 0, 0, 12)"
1844,Methuen,1.0054767667339584,0.7935424925838787,1.2711249417732537,"(0, 0, 2)","(0, 0, 0, 12)"
27215,Burlington,1.000426016626266,0.7543008581262204,1.3225110497469013,"(0, 0, 2)","(0, 0, 1, 12)"
91402,Los Angeles,0.9949421605933663,0.7709985961665731,1.2804531296756227,"(2, 0, 2)","(0, 0, 0, 12)"
60411,Chicago Heights,0.9995631949543361,0.5842279778358451,1.6906233225259757,"(0, 0, 2)","(0, 0, 0, 12)"
55303,Ramsey,1.0049948191992102,0.806092014069235,1.2505100874647967,"(0, 0, 2)","(0, 0, 0, 12)"
48307,Rochester Hills,1.007267046238425,0.7795148164139551,1.298099243086059,"(0, 0, 2)","(0, 0, 0, 12)"
35405,Tuscaloosa,1.0193966714456926,0.8318196180376967,1.247182570849855,"(0, 0, 2)","(2, 0, 1, 12)"
80014,Aurora,1.0939807175429836,0.801900962065478,1.4862114996874163,"(1, 0, 1)","(0, 0, 0, 12)"
85283,Tempe,1.2675619507566414,0.8885437145425122,1.7981652126267444,"(0, 1, 2)","(0, 0, 0, 12)"
34741,Kissimmee,0.9426363080289446,0.5529246389010506,1.5887644294264744,"(0, 0, 2)","(0, 0, 1, 12)"
17701,Williamsport,1.0113767031479628,0.76352816255126,1.3354329177485764,"(0, 0, 2)","(0, 0, 0, 12)"
27612,Raleigh,1.0415154195458725,0.8415153697523833,1.286572284825017,"(1, 0, 1)","(0, 0, 0, 12)"
92037,San Diego,0.9957011570558576,0.8062070869002462,1.2275216166813077,"(0, 0, 2)","(0, 0, 0, 12)"
87105,South Valley,1.079900470577278,0.8856864326560133,1.314625889772658,"(3, 1, 2)","(0, 0, 1, 12)"
35215,Birmingham,0.9262823635089313,0.5413315807546221,1.566280844689321,"(1, 0, 2)","(0, 0, 1, 12)"
77546,Friendswood,0.9753097556044084,0.6552685254453725,1.442034752077814,"(1, 0, 2)","(1, 0, 0, 12)"
94117,San Francisco,1.0173744470686534,0.5941774656448225,1.7219773965698895,"(3, 0, 1)","(0, 0, 0, 12)"
92103,San Diego,1.0152099904011267,0.7170084181858494,1.4302801164257983,"(1, 0, 2)","(1, 0, 0, 12)"
6492,Wallingford,0.9809271229412707,0.8407573098316784,1.1433761963326665,"(0, 0, 1)","(0, 0, 1, 12)"
43232,Columbus,1.0004035873508752,0.5633224236664924,1.752747204563104,"(1, 0, 1)","(0, 0, 0, 12)"
14150,Tonawanda,1.0111242871500306,0.8502364562702238,1.2009722387059947,"(1, 0, 2)","(0, 0, 0, 12)"
93720,Fresno,1.1054009075412394,0.8337919900781426,1.460636061264081,"(1, 0, 1)","(0, 0, 1, 12)"
76010,Arlington,1.298322993349001,0.8161494482636119,2.0467424337196976,"(0, 1, 3)","(0, 0, 0, 12)"
54115,De Pere,1.1228557756089796,0.6828418574231568,1.8269493534692745,"(2, 0, 1)","(2, 0, 1, 12)"
73071,Norman,0.9758854530488189,0.750508422643962,1.2653205733821618,"(1, 0, 2)","(0, 0, 0, 12)"
91367,Los Angeles,1.0227204067297522,0.8075041854071309,1.2923119014873512,"(1, 0, 2)","(0, 0, 0, 12)"
85207,Mesa,1.0486710016440985,0.84813705962676,1.2942078166061055,"(1, 0, 1)","(0, 0, 0, 12)"
33033,Homestead,1.3264782730366134,0.9526743694876837,1.8382783561106686,"(2, 1, 0)","(0, 0, 0, 12)"
92507,Riverside,1.1001304846421167,0.7753239192069725,1.5524931456477018,"(0, 1, 3)","(1, 0, 1, 12)"
33617,Temple Terrace,1.0105795924245715,0.6245305033263298,1.6201439068898502,"(0, 0, 2)","(0, 0, 0, 12)"
27604,Raleigh,1.1127940426031782,0.8875753540848415,1.3920461063412324,"(2, 1, 0)","(0, 0, 0, 12)"
96003,Redding,1.0755280617487513,0.8604368735995769,1.3416661498397102,"(0, 0, 2)","(1, 0, 0, 12)"
40324,Georgetown,1.1631888661108198,0.8467913550038465,1.5912797066036468,"(2, 1, 2)","(0, 0, 1, 12)"
29910,Bluffton,1.0076366103714403,0.7751441532161895,1.3062176813556958,"(0, 0, 2)","(0, 0, 0, 12)"
55104,Saint Paul,1.0052796208749897,0.7319709459028648,1.3750343143351798,"(0, 0, 2)","(0, 0, 0, 12)"
23608,Newport News,1.0007253184683869,0.8092664109154473,1.2352230038417154,"(0, 0, 2)","(0, 0, 0, 12)"
8053,Evesham,0.9995178528182008,0.7951403627020993,1.2537559390807966,"(0, 0, 3)","(1, 0, 0, 12)"
27513,Cary,1.005505996066912,0.8600666961983113,1.1743830671109585,"(0, 0, 2)","(0, 0, 0, 12)"
28262,Charlotte,1.1867576998094171,0.9242623529027129,1.519849187334202,"(0, 1, 3)","(0, 0, 1, 12)"
79928,Horizon City,1.0162885527348184,0.7381121567933646,1.3930978035979886,"(0, 1, 0)","(0, 0, 1, 12)"
91977,Spring Valley,1.005706073690284,0.8012997475710485,1.2595770596835194,"(1, 0, 1)","(0, 0, 0, 12)"
95831,Sacramento,0.9192379027937748,0.6522554929638945,1.289326073966062,"(0, 0, 2)","(0, 0, 1, 12)"
32837,Orlando,1.2013535351344142,0.9125440167757377,1.5763393602970934,"(2, 1, 1)","(0, 0, 0, 12)"
12866,Saratoga Springs,1.0362960435030222,0.8343777368014682,1.28459826552554,"(3, 0, 0)","(0, 0, 1, 12)"
18103,Allentown,1.1231833119186145,0.7797379667049277,1.608527570042507,"(2, 1, 0)","(0, 0, 0, 12)"
28403,Wilmington,1.2727358235206663,0.9540509396970569,1.6921661851395142,"(0, 0, 2)","(2, 0, 1, 12)"
77407,Richmond,0.9974899423419262,0.7558140310865761,1.3123541884303698,"(0, 0, 2)","(0, 0, 0, 12)"
80526,Fort Collins,1.0738554953998702,0.8094059593587652,1.4197874015328829,"(1, 0, 1)","(0, 0, 0, 12)"
16001,Butler,1.013317731628536,0.8206864781317779,1.248920998498908,"(0, 0, 2)","(0, 0, 0, 12)"
28806,Asheville,1.0555280863103518,0.6638536396824337,1.6628831996937081,"(1, 0, 2)","(0, 0, 1, 12)"
28173,Waxhaw,1.036126490447826,0.807975984102395,1.3252762778265712,"(1, 0, 2)","(0, 0, 0, 12)"
75074,Plano,1.008323739067651,0.7402053484164867,1.368306644081147,"(0, 0, 2)","(0, 0, 0, 12)"
32164,Palm Coast,1.220157548503452,1.021343135752445,1.4558187916025926,"(2, 0, 3)","(0, 0, 0, 12)"
87507,Santa Fe,1.0097740396487012,0.669553066775815,1.5125640310605872,"(0, 0, 2)","(1, 0, 1, 12)"
14075,Hamburg,1.0256354295021486,0.8727287383492796,1.2040513885014996,"(3, 0, 0)","(0, 0, 0, 12)"
74055,Owasso,1.0216573390377113,0.8496976972344348,1.2267014502940845,"(1, 0, 2)","(0, 0, 0, 12)"
75219,Dallas,1.0088645233762834,0.7719251243719281,1.3147284799632497,"(0, 0, 2)","(0, 0, 1, 12)"
55113,Roseville,1.0322268824860803,0.8177398602726003,1.3000583895205087,"(1, 0, 1)","(0, 0, 0, 12)"
93436,Lompoc,1.166379594297171,0.7448963532711481,1.8100168449645968,"(0, 1, 1)","(2, 0, 0, 12)"
10469,New York,1.0328578508203397,0.7458888308549975,1.4240973943252198,"(0, 0, 2)","(0, 0, 1, 12)"
19103,Philadelphia,1.1209224320981181,0.8696435799670686,1.4409451296365998,"(3, 0, 0)","(0, 0, 0, 12)"
28110,Monroe,0.8852945625007357,0.5983945806393054,1.3015852502312049,"(0, 0, 2)","(0, 0, 1, 12)"
80229,Thornton,1.145274526772361,0.82620022800699,1.5802016383533628,"(1, 0, 1)","(0, 0, 0, 12)"
64118,Gladstone,1.127120690434969,0.710806410718459,1.770247553486312,"(0, 1, 1)","(0, 0, 1, 12)"
77072,Houston,1.1213587655624286,0.7408308595038897,1.6857257239838455,"(0, 0, 2)","(2, 0, 1, 12)"
90049,Los Angeles,0.948954136187072,0.5406253790028592,1.6419779652871946,"(0, 1, 1)","(0, 0, 0, 12)"
92223,Beaumont,1.030853066384717,0.6013852920913442,1.7439665603867605,"(0, 1, 1)","(0, 0, 0, 12)"
7024,Fort Lee,1.0017135496818441,0.793916351292098,1.2611352690043633,"(0, 0, 2)","(0, 0, 0, 12)"
60804,Cicero,1.1936631494580243,0.7429904831960048,1.9001615107929195,"(0, 1, 3)","(0, 0, 1, 12)"
97330,Corvallis,0.9914473377889205,0.7511275766035672,1.3046109092941927,"(0, 0, 2)","(0, 0, 0, 12)"
91406,Los Angeles,1.0214756438491222,0.7492252615294652,1.3870862965638282,"(2, 0, 2)","(0, 0, 0, 12)"
94121,San Francisco,1.228218918676893,0.6622699853798167,2.2404449845905545,"(2, 1, 0)","(0, 0, 0, 12)"
53215,Milwaukee,1.2594399693751812,0.8180739914310091,1.9244019837694413,"(1, 1, 3)","(0, 0, 1, 12)"
95207,Stockton,1.04345301398421,0.652404904743009,1.6538711614276227,"(1, 0, 1)","(0, 0, 1, 12)"
95616,Davis,0.9936050299766547,0.7464443006074148,1.318245541229108,"(0, 0, 2)","(0, 0, 0, 12)"
20171,Herndon,1.0093763155308486,0.8971652477706946,1.1349849660531643,"(1, 0, 1)","(0, 0, 0, 12)"
92346,Highland,1.1207909985320166,0.8606622310645816,1.455261104690093,"(0, 1, 3)","(0, 0, 0, 12)"
42301,Owensboro,1.1719831125039373,0.9255163880226188,1.4807055298851688,"(1, 1, 3)","(0, 0, 1, 12)"
44691,Wooster,1.0115631860071401,0.8168300594144532,1.2504189847746598,"(0, 0, 2)","(0, 0, 1, 12)"
91706,Baldwin Park,1.0324890628650243,0.767880467663259,1.3832024553061804,"(1, 0, 1)","(0, 0, 0, 12)"
10312,New York,1.1797746280739525,0.9522622702881948,1.458861368237307,"(0, 1, 3)","(2, 0, 0, 12)"
48183,Trenton,1.0127726283609317,0.8121760727817737,1.260435181997976,"(0, 0, 2)","(0, 0, 1, 12)"
92801,Anaheim,0.9546089872119364,0.7512298423399911,1.2101517115977851,"(3, 0, 2)","(0, 0, 1, 12)"
98109,Seattle,1.2117883291829812,0.7291909443491099,1.9912950738561062,"(0, 1, 1)","(0, 0, 1, 12)"
29651,Greer,1.1643540740480272,0.8030800753457297,1.6777030446666512,"(0, 1, 1)","(0, 0, 1, 12)"
90277,Redondo Beach,1.0320761731338577,0.7479431026331221,1.4179618421466822,"(1, 0, 3)","(0, 0, 0, 12)"
29526,Conway,1.0137365481515868,0.78709233736107,1.3022804215494874,"(0, 0, 2)","(0, 0, 0, 12)"
26554,Fairmont,1.008124227412269,0.6037573253943304,1.6656515240794734,"(2, 0, 0)","(0, 0, 1, 12)"
91766,Pomona,1.0335865678563276,0.6704266880869844,1.580017761253633,"(0, 1, 1)","(0, 0, 0, 12)"
27107,Winston-Salem,0.987112693261101,0.7417309309881759,1.30922212161794,"(1, 0, 1)","(1, 0, 1, 12)"
32216,Jacksonville,1.0928132442892693,0.6822814791863522,1.73442932568242,"(1, 0, 1)","(0, 0, 1, 12)"
91744,La Puente,1.0490453465433347,0.8072501952056907,1.3593172944991665,"(1, 0, 1)","(1, 0, 0, 12)"
43016,Dublin,1.0175323308242838,0.7613088603460323,1.3552858644489354,"(1, 0, 1)","(0, 0, 1, 12)"
24502,Lynchburg,1.000768233044003,0.8435416924354885,1.1859016942265859,"(0, 0, 2)","(0, 0, 0, 12)"
43224,Columbus,1.0127323117808777,0.5774477351367809,1.753926992021396,"(0, 0, 2)","(0, 0, 0, 12)"
92260,Palm Desert,1.0446301395287771,0.8136420905994438,1.337826879586558,"(1, 0, 1)","(0, 0, 0, 12)"
46226,Indianapolis,1.0669598771184066,0.5201226583133826,2.1442796922795804,"(0, 0, 2)","(0, 0, 1, 12)"
76542,Killeen,0.9968191322778233,0.8868191108550184,1.1198486139088788,"(2, 0, 1)","(0, 0, 0, 12)"
33442,Deerfield Beach,0.972646217266082,0.5081224714503539,1.8270847923318443,"(0, 1, 1)","(0, 0, 0, 12)"
92404,San Bernardino,1.1908566293175857,0.9359413671614142,1.5114373615986585,"(3, 1, 0)","(0, 0, 0, 12)"
98391,Bonney Lake,1.0057639898827715,0.7753727887963578,1.3010723276805087,"(0, 0, 2)","(0, 0, 0, 12)"
32725,Deltona,1.0132089890810392,0.6473402880459305,1.5731695768467202,"(0, 0, 2)","(0, 0, 0, 12)"
55112,New Brighton,0.9990556567020301,0.7982686469627496,1.2477918845780995,"(0, 0, 3)","(0, 0, 0, 12)"
37087,Lebanon,1.2184078196877757,0.9634801805780187,1.537080516021689,"(2, 1, 1)","(0, 0, 0, 12)"
52001,Dubuque,0.9942439867376911,0.6670117422933386,1.4725869537317016,"(2, 0, 1)","(0, 0, 0, 12)"
90020,Los Angeles,1.0350386984878155,0.7820448818820556,1.3654620882017976,"(1, 0, 1)","(0, 0, 0, 12)"
78233,San Antonio,1.0122297785658607,0.8017742031309198,1.2751158298872811,"(0, 0, 2)","(0, 0, 0, 12)"
98270,Marysville,1.0111840641419205,0.7259257321084901,1.4023076729808537,"(0, 0, 2)","(0, 0, 0, 12)"
8540,Princeton,0.9784642540733718,0.8135617928313658,1.1751515549143083,"(1, 0, 1)","(1, 0, 1, 12)"
26505,Morgantown,0.9952306571616008,0.8490047206945784,1.165457603160789,"(2, 0, 1)","(0, 0, 0, 12)"
33415,Greenacres,1.429406932776985,1.1061665501553615,1.8422206644121955,"(0, 1, 3)","(0, 0, 0, 12)"
33180,Aventura,1.0094574408432042,0.7069414087599144,1.4340404154579558,"(3, 0, 1)","(0, 0, 0, 12)"
92780,Tustin,1.012476433644083,0.7998508188819065,1.2786618783846355,"(1, 0, 1)","(0, 0, 0, 12)"
28117,Mooresville,1.1370318006433144,0.9459549564694005,1.3648085319634506,"(1, 1, 3)","(0, 0, 1, 12)"
87123,Albuquerque,0.9991112195750541,0.7978241695609499,1.248624757469532,"(0, 0, 2)","(1, 0, 0, 12)"
75023,Plano,1.0706779418331154,0.7239317701412255,1.572939138234893,"(1, 0, 2)","(0, 0, 1, 12)"
85711,Tucson,1.2105842519535501,0.8938362333264153,1.6330204083108646,"(2, 1, 1)","(0, 0, 0, 12)"
48170,Plymouth,0.9625425566912384,0.716775374729983,1.2880522537768342,"(0, 0, 2)","(0, 0, 1, 12)"
97202,Portland,1.0282562251587062,0.7426948231351934,1.417381612611711,"(1, 0, 3)","(1, 0, 0, 12)"
29073,Lexington,1.0840942298440788,0.800574602785318,1.462020764625242,"(0, 1, 0)","(0, 0, 0, 12)"
85016,Phoenix,1.0262964542845545,0.7666175367440594,1.3692135000763328,"(0, 0, 2)","(1, 0, 0, 12)"
37221,Nashville,1.0336243330233448,0.8154003347028194,1.3071495101836952,"(2, 0, 1)","(0, 0, 0, 12)"
15108,Moon,1.0026832629834594,0.818131204704413,1.2267910915642701,"(0, 0, 3)","(0, 0, 0, 12)"
21229,Baltimore,0.9660101628833309,0.42538549527393354,2.13610933767648,"(0, 0, 2)","(0, 0, 1, 12)"
60435,Joliet,1.0243936925700252,0.7894251288421579,1.325678924883729,"(0, 0, 2)","(1, 0, 0, 12)"
87110,Albuquerque,0.9938442319701704,0.7810584704649807,1.261620292635138,"(0, 0, 3)","(0, 0, 1, 12)"
80537,Loveland,1.069055094614074,0.7563812934502626,1.503264112568316,"(2, 0, 1)","(0, 0, 1, 12)"
1970,Salem,0.996862310746586,0.7000429087675974,1.4120731295652267,"(3, 0, 1)","(0, 0, 1, 12)"
52404,Cedar Rapids,0.9964139757437838,0.8361357521091987,1.18594448937642,"(0, 0, 2)","(1, 0, 0, 12)"
11758,Massapequa,1.0315016841426297,0.8527234310513756,1.2459254455381454,"(0, 0, 2)","(0, 0, 1, 12)"
19403,West Norriton,0.9982938515098401,0.8550323657749674,1.1644333899033985,"(0, 0, 2)","(0, 0, 0, 12)"
60632,Chicago,1.0347143059354367,0.7880747630360153,1.3544042265950045,"(1, 0, 3)","(0, 0, 1, 12)"
48111,Van Buren,0.9065844945840547,0.5339942416211424,1.5216759970433293,"(0, 0, 3)","(0, 0, 1, 12)"
75024,Plano,1.0524326681933596,0.8182750254333129,1.3500365423849752,"(2, 0, 3)","(0, 0, 0, 12)"
54703,Eau Claire,1.1070561398772865,0.8960423652842444,1.3650287187251808,"(0, 1, 0)","(0, 0, 0, 12)"
21044,Columbia,0.9889223455219259,0.7690112262226234,1.268399694239086,"(2, 0, 2)","(0, 0, 1, 12)"
30064,Marietta,1.0196540949678194,0.8218133965215428,1.2627398465477804,"(0, 0, 2)","(0, 0, 1, 12)"
75227,Dallas,1.1764419708301936,0.7369419791816807,1.8606055673671864,"(0, 1, 3)","(0, 0, 0, 12)"
95828,Florin,0.9185081155058761,0.5223428795981844,1.5927401660538365,"(2, 1, 1)","(0, 0, 0, 12)"
47201,Columbus,1.0390356260106448,0.8262285367722854,1.3039018068657644,"(0, 0, 3)","(2, 0, 0, 12)"
75063,Irving,0.982120727180069,0.7265387336408026,1.322503471862927,"(1, 0, 1)","(0, 0, 1, 12)"
