zip,City,mean_ret,low_ret,high_ret,order,seasonal_order,sharpe_ratio
60657,Chicago,0.9919548985464376,0.8107425467431518,1.2116701731814026,"(0, 0, 2)","(0, 0, 0, 12)",-0.36522675340708266
75070,McKinney,1.0140368317316053,0.788124830422803,1.3012145298210165,"(1, 0, 1)","(0, 0, 0, 12)",-0.24235053308597995
77494,Katy,1.0465978016583628,0.8499508145868427,1.2864615372691226,"(1, 0, 3)","(0, 0, 0, 12)",-0.21027339644559623
60614,Chicago,0.9962363822774044,0.8591982928983082,1.1541029281410955,"(0, 0, 2)","(0, 0, 0, 12)",-0.48201348719817977
77084,Houston,1.0501085451410301,0.8108818640376516,1.3562147832128293,"(2, 0, 1)","(2, 0, 0, 12)",-0.16187515122720933
60640,Chicago,0.9979399769671182,0.7214270045565687,1.3745721407063243,"(0, 0, 3)","(0, 0, 0, 12)",-0.21502788455637784
77449,Katy,1.0493158565354395,0.7980844817312022,1.3752492433741883,"(1, 0, 1)","(0, 0, 0, 12)",-0.15432081666368738
94109,San Francisco,1.00451409784124,0.7338927959811163,1.3694803036411325,"(0, 0, 2)","(2, 0, 0, 12)",-0.2106244922171387
32162,The Villages,1.0127002752766574,0.8400035061577686,1.2191763499301134,"(1, 0, 2)","(0, 0, 0, 12)",-0.33146919851805334
11375,New York,1.0095208979179673,0.7412817245765835,1.369437257377521,"(1, 0, 2)","(0, 0, 0, 12)",-0.20514584247808748
11235,New York,1.0057907314408476,0.7187132158774746,1.4011771236579482,"(0, 0, 2)","(0, 0, 0, 12)",-0.19428670285592742
60647,Chicago,0.9542262051377959,0.6359333219423974,1.422098519765653,"(3, 0, 1)","(0, 0, 0, 12)",-0.23424871677580136
37211,Nashville,1.00901400546699,0.7081402407691169,1.4304757906811538,"(0, 0, 2)","(0, 0, 0, 12)",-0.17910012659691427
78660,Pflugerville,1.002467777944466,0.8184497605695178,1.225827933250183,"(0, 0, 2)","(0, 0, 0, 12)",-0.33363745303988995
60618,Chicago,1.009772029165752,0.7361360891077959,1.3793903989118632,"(1, 0, 2)","(0, 0, 0, 12)",-0.19994015240272614
10128,New York,1.001314465567736,0.43363987817134203,2.2489235357459822,"(0, 0, 2)","(0, 0, 0, 12)",-0.07550882076307988
77573,League City,1.0390649340724636,0.690022621108457,1.5536344319776545,"(1, 0, 2)","(1, 0, 0, 12)",-0.11500474933206636
77584,Pearland,1.045986466299931,0.7929877844760899,1.3752871466987564,"(1, 0, 1)","(0, 0, 0, 12)",-0.15867770702868186
28269,Charlotte,1.0069242170578638,0.8014813133430315,1.262370864816408,"(0, 0, 2)","(0, 0, 0, 12)",-0.28523141048342376
79912,El Paso,1.0271746845297995,0.8658689104727526,1.2170813998832646,"(3, 0, 0)","(0, 0, 0, 12)",-0.316645087304687
78572,Mission,1.0154497879995554,0.7362447681800244,1.3947068991683786,"(0, 0, 2)","(1, 0, 0, 12)",-0.18669958394965977
30349,Riverdale,1.0326931726468251,0.4968523814970583,2.0994249954828654,"(1, 0, 1)","(0, 0, 0, 12)",-0.06595097178903772
20002,Washington,1.006150783499191,0.7607948307399406,1.3264363615764223,"(0, 0, 2)","(0, 0, 0, 12)",-0.23377634631415228
90046,Los Angeles,0.9927465891322371,0.6918882118683323,1.4169554151566075,"(0, 0, 2)","(0, 0, 0, 12)",-0.2008611120582531
78613,Cedar Park,0.9837351742903003,0.799924153518198,1.2076361625014518,"(1, 0, 1)","(0, 0, 0, 12)",-0.37930994477461966
75052,Grand Prairie,1.1645358301340323,0.9745880961499145,1.3897195201993804,"(0, 0, 1)","(1, 0, 1, 12)",0.06299555927914673
10462,New York,1.0140070885546102,0.7591775641479767,1.3497970046490473,"(0, 0, 2)","(0, 0, 0, 12)",-0.21058789605969955
37042,Clarksville,1.0143337079229375,0.8489254724529912,1.2104160198854266,"(1, 0, 1)","(0, 0, 0, 12)",-0.3431643976857674
63376,Saint Peters,1.047488291379379,0.864450036415136,1.267294345654448,"(1, 0, 1)","(0, 0, 0, 12)",-0.2256358112491323
60613,Chicago,0.9814920959695274,0.723750691369087,1.3260175018382383,"(2, 0, 1)","(0, 0, 0, 12)",-0.26050297842237874
77479,Sugar Land,1.0058889988801734,0.7805588889523218,1.292774523570642,"(1, 0, 1)","(1, 0, 0, 12)",-0.2586711261171162
30044,Lawrenceville,1.085686355554585,0.8492680105071895,1.38435245247379,"(1, 0, 1)","(0, 0, 0, 12)",-0.09848546175893463
73099,Yukon,1.0100100498401656,0.8945792289926684,1.1396546955426596,"(1, 0, 2)","(0, 0, 0, 12)",-0.5238155653386698
10463,New York,1.0761305080210994,0.6380946698185531,1.7946894117766108,"(1, 0, 1)","(0, 0, 0, 12)",-0.05382515035058465
11230,New York,1.1869175229633357,0.7203669563558066,1.9354632632624822,"(2, 0, 0)","(0, 0, 0, 12)",0.03994179620642674
60629,Chicago,0.9917911663136133,0.7201914447420932,1.3601313049426116,"(1, 0, 1)","(1, 0, 0, 12)",-0.22907344377976518
60625,Chicago,0.9672117154127855,0.7026246123293273,1.3258465802381907,"(1, 0, 2)","(0, 0, 0, 12)",-0.2746576457554099
11212,New York,1.147930536022569,0.7536767845867774,1.7356125419810755,"(1, 0, 3)","(0, 0, 0, 12)",0.009721758321759607
75287,Dallas,1.0549714075417331,0.7360357129697341,1.5038007546551087,"(1, 0, 1)","(1, 0, 0, 12)",-0.10864389732677691
85032,Phoenix,1.0933331507411441,0.8127294934719229,1.465526987994121,"(0, 0, 2)","(1, 0, 1, 12)",-0.06901258589161371
11214,New York,1.0147669773236256,0.6664934106158493,1.5338910347150005,"(1, 0, 2)","(0, 0, 0, 12)",-0.14251528150823173
78521,Brownsville,0.9972597271505224,0.6057181029724039,1.6256062966085019,"(0, 0, 2)","(1, 0, 0, 12)",-0.138372684017479
23464,Virginia Beach,0.9962357474574067,0.8485065568811547,1.1684525730249273,"(1, 0, 1)","(0, 0, 0, 12)",-0.44428947157261733
94501,Alameda,1.0625306646601622,0.8096321550484126,1.390147685949698,"(1, 0, 0)","(1, 0, 0, 12)",-0.1306661496614188
30096,Duluth,1.0605256894236623,0.786826212244974,1.424104298992603,"(1, 0, 1)","(0, 0, 0, 12)",-0.12217382975677048
78704,Austin,1.1168643707270125,0.8056403205317235,1.5413339598311717,"(1, 0, 1)","(1, 0, 0, 12)",-0.029251337819322633
98052,Redmond,1.023482523145762,0.7661560592210659,1.3623090552068924,"(3, 0, 1)","(0, 0, 0, 12)",-0.1927388967758493
77379,Tomball,1.0265210784813363,0.847650209712198,1.241233295705191,"(1, 0, 1)","(0, 0, 0, 12)",-0.28421779136703734
11221,New York,1.0091593714652127,0.5776210626273407,1.7412676466363037,"(0, 0, 2)","(0, 0, 0, 12)",-0.11105177827384012
11229,New York,1.2217013555577807,0.8754300046719256,1.696896738609985,"(3, 0, 2)","(0, 0, 0, 12)",0.10142463256750145
8701,Lakewood,0.9838209005240758,0.683425562827768,1.4084975128539294,"(1, 0, 2)","(0, 0, 0, 12)",-0.2131698700688048
94110,San Francisco,0.9577992914517811,0.5558165705586402,1.629934015766935,"(1, 0, 2)","(2, 0, 0, 12)",-0.16812416859581591
78666,San Marcos,1.1759942700416577,0.8600595280736952,1.6014198462967266,"(3, 0, 2)","(0, 0, 0, 12)",0.05073089996254095
30024,Suwanee,1.0061597638210014,0.8355605890597237,1.209908020758894,"(0, 0, 2)","(0, 0, 0, 12)",-0.3532136696664808
33411,Royal Palm Beach,1.0028191332346996,0.8065730123292598,1.2444401202987285,"(0, 0, 3)","(0, 0, 0, 12)",-0.3096036633024295
33139,Miami Beach,0.985943762376166,0.5691212622971944,1.6876125628295382,"(0, 0, 3)","(0, 0, 0, 12)",-0.13629129833461176
11377,New York,1.008105143196201,0.760665542105272,1.3317050534751222,"(0, 0, 3)","(0, 0, 0, 12)",-0.22814402175597884
90044,Los Angeles,1.0083140799471353,0.7431798229193062,1.3629502882230804,"(0, 0, 2)","(0, 0, 0, 12)",-0.20986852590789337
2169,Quincy,1.0722855519162833,0.8035768255158326,1.4258133317993615,"(1, 0, 2)","(0, 0, 0, 12)",-0.10622784313989705
90805,Long Beach,1.0379278696327487,0.8279854982903534,1.2982959314083273,"(1, 0, 1)","(0, 0, 0, 12)",-0.21359620623967748
66062,Olathe,1.050217727319589,0.8166276339284405,1.3469888237091223,"(1, 0, 2)","(0, 0, 0, 12)",-0.1662389109175915
44035,Elyria,1.012785610327052,0.7732054769033356,1.3227096700867316,"(2, 0, 0)","(1, 0, 0, 12)",-0.22856747069938582
95630,Folsom,0.989956359456831,0.7617526010112264,1.282947490168791,"(2, 0, 0)","(0, 0, 0, 12)",-0.28478413263946006
11234,New York,1.0080296946670602,0.7788952895024825,1.301061543053554,"(0, 0, 2)","(0, 0, 0, 12)",-0.24964213667223867
92683,Westminster,1.0687428573233988,0.9035585741487467,1.2626134603031962,"(3, 0, 1)","(0, 0, 0, 12)",-0.19395791357740236
78745,Austin,1.0188877410204638,0.7330656265957307,1.4096120184829128,"(1, 0, 1)","(0, 0, 0, 12)",-0.17662743355691493
10314,New York,1.1315994562689824,0.8329866037169319,1.5311509245743113,"(3, 0, 2)","(0, 0, 0, 12)",-0.009718253181962845
30281,Stockbridge,1.0032936338420309,0.7349018835583317,1.364360759526432,"(0, 0, 2)","(0, 0, 0, 12)",-0.2146141157385202
37075,Hendersonville,1.006569720634302,0.8008557445435482,1.2624602128206515,"(0, 0, 2)","(0, 0, 0, 12)",-0.2855576198371125
94558,Napa,1.0403522615640264,0.7660965316415362,1.407534090319498,"(2, 0, 1)","(0, 0, 0, 12)",-0.15283191794959874
85225,Chandler,1.1183898978490736,0.8614343108945238,1.4477336300152566,"(1, 0, 1)","(0, 0, 0, 12)",-0.034102881242638126
87111,Albuquerque,1.0166254834561435,0.7799373022133068,1.321369425521204,"(1, 0, 1)","(0, 0, 0, 12)",-0.2248830558882507
78240,San Antonio,1.007949224927572,0.8116113671560848,1.249404468847704,"(0, 0, 2)","(0, 0, 0, 12)",-0.29793792654593676
87114,Albuquerque,1.0057201899156494,0.8599949155775659,1.174977459380537,"(0, 0, 2)","(0, 0, 0, 12)",-0.42117954342581815
85308,Glendale,1.0595136468428352,0.8425667850281529,1.32933215803405,"(1, 0, 1)","(0, 0, 0, 12)",-0.16203031569769613
17603,Lancaster,1.085948425371714,0.8901528708170452,1.3226258405067817,"(1, 0, 0)","(0, 0, 0, 12)",-0.12124681125757299
93722,Fresno,1.0045712950525394,0.8039109952317066,1.2528017425255915,"(0, 0, 2)","(0, 0, 0, 12)",-0.2980972534092842
80134,Parker,1.0194926412834173,0.8303684194428078,1.2494523735690721,"(1, 0, 1)","(0, 0, 0, 12)",-0.28369435633999424
48180,Taylor,1.178888791086984,0.8424872558181252,1.641873384642893,"(3, 0, 1)","(0, 0, 0, 12)",0.050669377069182835
85281,Tempe,1.0114559856469714,0.7405825854201251,1.3759415163773283,"(0, 0, 3)","(0, 0, 0, 12)",-0.19977433552951174
78577,Pharr,1.0079510767256494,0.6558740161491852,1.5375074678150573,"(2, 0, 2)","(1, 0, 0, 12)",-0.14794506371052568
94533,Fairfield,1.093466652199216,0.7974422909309276,1.4931767527556028,"(3, 0, 0)","(0, 0, 0, 12)",-0.06456161677641718
15601,Greensburg,1.0037750384545796,0.8303658769701251,1.211641117374765,"(0, 0, 2)","(0, 0, 0, 12)",-0.35305034574038874
95608,Carmichael,0.997568827805977,0.7659413710723673,1.295569830692459,"(2, 0, 0)","(0, 0, 0, 12)",-0.26587613172585
43081,Westerville,1.0545891224276567,0.81237426367042,1.365168969776224,"(2, 0, 1)","(0, 0, 0, 12)",-0.15158479368286967
44060,Mentor,1.0020090509978186,0.8391357662458566,1.194966351378059,"(1, 0, 2)","(0, 0, 0, 12)",-0.3832591930038875
80013,Aurora,1.009007827172825,0.7311226018501285,1.3866840367140134,"(0, 0, 2)","(0, 0, 0, 12)",-0.19735231489894656
20906,Silver Spring,1.0166856152570019,0.8132575452480552,1.2684072093297363,"(2, 0, 1)","(0, 0, 0, 12)",-0.2673818927016623
90066,Los Angeles,1.087636938722774,0.7199304425608942,1.63184409897765,"(0, 0, 2)","(1, 0, 0, 12)",-0.0556494080572485
97229,Portland,1.016944241825802,0.8283977718912237,1.2462270424698978,"(1, 0, 3)","(0, 0, 0, 12)",-0.29064539185513905
91709,Chino Hills,1.0086267896106487,0.8362032136279596,1.2148521424287704,"(0, 0, 3)","(0, 0, 0, 12)",-0.34268578205670347
85364,Yuma,1.0383654459742266,0.8166854893547968,1.3171114822971615,"(0, 0, 3)","(1, 0, 0, 12)",-0.19986761147113385
11373,New York,1.0407149692251771,0.8452598034714481,1.279076288842522,"(3, 0, 0)","(0, 0, 0, 12)",-0.2251399565716523
14850,Ithaca,0.9933593838624192,0.7616011530189816,1.2919417437321614,"(2, 0, 1)","(0, 0, 0, 12)",-0.2734563647942633
65807,Springfield,1.0110654378859054,0.7979044433041927,1.2782812941183281,"(0, 0, 2)","(0, 0, 0, 12)",-0.265039740778524
77459,Missouri City,1.0160592077849793,0.791672907110525,1.300629322130019,"(1, 0, 1)","(0, 0, 0, 12)",-0.2403451111074472
92677,Laguna Niguel,0.9998933889976549,0.8590411303029114,1.1627587496500322,"(0, 0, 2)","(0, 0, 0, 12)",-0.4559860741755334
95823,Sacramento,0.9967433452447063,0.7049203166470464,1.402576093054033,"(0, 0, 2)","(0, 0, 0, 12)",-0.20302426131472762
33908,Fort Myers,1.0212134927060117,0.8041337654432547,1.293840203214149,"(1, 0, 1)","(0, 0, 0, 12)",-0.23926763497132836
44256,Medina,1.0121061987146054,0.8098342095667489,1.2623614708154198,"(0, 0, 3)","(0, 0, 0, 12)",-0.2790510230005575
2148,Malden,1.0390025892817434,0.775066592459591,1.3877445266151018,"(1, 0, 1)","(0, 0, 0, 12)",-0.16220888509217785
45011,Hamilton,1.012014665406703,0.8228225368855614,1.242532841028213,"(2, 0, 0)","(0, 0, 0, 12)",-0.3010879819906299
76063,Mansfield,1.0387047020066287,0.7788747823850402,1.380325830060249,"(1, 0, 1)","(0, 0, 0, 12)",-0.1657320114086611
33647,Tampa,1.0130381571698595,0.84820676189042,1.2083577377657049,"(1, 0, 1)","(1, 0, 0, 12)",-0.34803803162603036
60634,Chicago,1.0461922150773058,0.8337199998166132,1.3100336992251895,"(2, 0, 0)","(0, 0, 0, 12)",-0.1935534899350027
65203,Columbia,1.0152781452224788,0.7996822946086758,1.2860228585126423,"(2, 0, 0)","(0, 0, 0, 12)",-0.25312765953760225
47906,West Lafayette,1.0434096506692432,0.7672817306172678,1.4133941085997241,"(2, 0, 0)","(0, 0, 0, 12)",-0.1469941553031556
92345,Hesperia,1.012291517705166,0.7573907102672565,1.3484105292358617,"(0, 0, 2)","(0, 0, 0, 12)",-0.21334796592196795
92126,San Diego,1.111587225836556,0.8758420399306143,1.4074717600429711,"(0, 0, 2)","(1, 0, 0, 12)",-0.05040569977816162
90019,Los Angeles,1.0121123234966107,0.6549612736649136,1.5521804932995054,"(0, 0, 3)","(0, 0, 0, 12)",-0.14073714387940034
43130,Lancaster,1.0017993395175238,0.756610882970751,1.3221519167975224,"(2, 0, 0)","(0, 0, 0, 12)",-0.2415121913611676
60016,Des Plaines,0.9890380287999853,0.8010243121728141,1.2189627896441735,"(2, 0, 0)","(0, 0, 0, 12)",-0.3573405492724387
46307,Crown Point,1.0066230166954009,0.8117386592819736,1.2459612326224063,"(0, 0, 2)","(0, 0, 0, 12)",-0.303442025578401
76244,Fort Worth,0.990880961891828,0.7678053954077565,1.2752409317183098,"(1, 0, 1)","(0, 0, 0, 12)",-0.2906840799568809
27610,Raleigh,1.0072934370222932,0.7759357122663252,1.3041012838600485,"(0, 0, 1)","(0, 0, 0, 12)",-0.24820049607518224
89121,Las Vegas,1.1520333660990356,0.8113744886994789,1.6271215147051308,"(1, 0, 1)","(0, 0, 0, 12)",0.01673186878066963
29732,Rock Hill,1.0033854596967047,0.68637955259232,1.4575858842719593,"(1, 0, 1)","(0, 0, 0, 12)",-0.17504904804264718
30040,Cumming,1.0710693933608422,0.8788212160040763,1.3031877552284268,"(1, 0, 2)","(0, 0, 0, 12)",-0.15862466598776265
30188,Woodstock,1.1063493369585575,0.8833873035528166,1.3825931710271335,"(1, 0, 2)","(0, 0, 0, 12)",-0.06417203608845434
79938,El Paso,1.0035870669900315,0.9128544859629564,1.1029396603095787,"(3, 0, 0)","(0, 0, 0, 12)",-0.7091417169960434
92336,Fontana,1.0374099395778054,0.863573382835404,1.2445048969603936,"(1, 0, 2)","(0, 0, 0, 12)",-0.26507246205613455
99301,Pasco,0.9778865238097968,0.7263491530517102,1.3116130548039866,"(1, 0, 1)","(0, 0, 0, 12)",-0.27423162373650783
20011,Washington,1.0203386512832877,0.6979648285393812,1.4828621956755108,"(0, 0, 3)","(1, 0, 0, 12)",-0.1503964053913388
77845,College Station,1.1720797821500302,0.770792257339786,1.7683038422566764,"(1, 0, 1)","(1, 0, 0, 12)",0.033779445530098796
94536,Fremont,1.0863828407868066,0.7866190136612058,1.494067481551603,"(0, 0, 2)","(1, 0, 0, 12)",-0.07350578236454305
27587,Wake Forest,1.048682627136997,0.9536406800311338,1.152774125192497,"(1, 0, 3)","(0, 0, 0, 12)",-0.4504605777899483
21740,Hagerstown,1.0066957237639969,0.8109335147001627,1.247357497875094,"(0, 0, 2)","(0, 0, 0, 12)",-0.3017448060018875
11233,New York,1.1423481841032,0.7417308125134037,1.7464440225440703,"(1, 0, 2)","(0, 0, 0, 12)",0.0039451956657277345
90280,South Gate,1.016392482249314,0.8117976595598997,1.2698606990507328,"(2, 0, 1)","(0, 0, 0, 12)",-0.2663212290342733
22191,Woodbridge,1.086008899973056,0.8854129173335558,1.3297133268112025,"(3, 0, 2)","(0, 0, 0, 12)",-0.11788306472687751
19111,Philadelphia,1.0485264433555266,0.8094445961321426,1.3544569254126388,"(1, 0, 1)","(2, 0, 0, 12)",-0.1648732436287962
89117,Las Vegas,1.1531162953005023,0.8855392173662368,1.497038685773424,"(1, 0, 1)","(0, 0, 0, 12)",0.02409143778520021
87120,Albuquerque,1.0016004274812984,0.8406816147940722,1.191832977009577,"(2, 0, 0)","(0, 0, 0, 12)",-0.389529932498008
43230,Gahanna,1.0060196600418938,0.7850174741335894,1.2860507607854295,"(0, 0, 2)","(0, 0, 0, 12)",-0.2641835131240928
40475,Richmond,1.002695307841464,0.8230971798660155,1.219558862907294,"(0, 0, 2)","(0, 0, 0, 12)",-0.3422501892726314
11236,New York,1.0129112935058895,0.7417851390699117,1.3777240981310779,"(0, 0, 2)","(0, 0, 0, 12)",-0.19730368553144384
91730,Rancho Cucamonga,1.0078243051370726,0.8509674716166915,1.1922138775667366,"(0, 0, 2)","(0, 0, 0, 12)",-0.38259769623398654
23320,Chesapeake,1.0074218157353505,0.8452754847904195,1.1991732955124508,"(0, 0, 2)","(1, 0, 0, 12)",-0.3700576104134238
74012,Broken Arrow,1.0064611823345786,0.8282677189338747,1.2211093019913257,"(0, 0, 2)","(0, 0, 0, 12)",-0.3358178391919775
90201,Bell,0.9935651215431114,0.7498037210685763,1.3121922151484744,"(1, 0, 3)","(0, 0, 0, 12)",-0.25750753061815274
92592,Temecula,1.0410880553137998,0.8301517438010659,1.3029140249000548,"(0, 0, 3)","(1, 0, 0, 12)",-0.20580393673055206
32244,Jacksonville,1.009336858998918,0.6282486123097235,1.6065483091895103,"(2, 0, 0)","(0, 0, 0, 12)",-0.1319100223728546
34787,Winter Garden,1.1288636137785515,0.7961045568623052,1.5924631415247494,"(2, 0, 1)","(0, 0, 0, 12)",-0.011955393344785346
77450,Cinco Ranch,1.0250737102625898,0.8322127970043868,1.2603467217779414,"(2, 0, 1)","(0, 0, 0, 12)",-0.2646617730632517
32822,Orlando,1.0964348813943676,0.7273036055711878,1.6413783964132622,"(1, 0, 1)","(0, 0, 0, 12)",-0.04589286667524735
30080,Smyrna,1.161774905506572,0.8778975616186294,1.532398137156053,"(3, 0, 1)","(0, 0, 0, 12)",0.035737954219028846
60626,Chicago,0.9847062193099202,0.6963469516491625,1.3857460881253338,"(0, 0, 2)","(0, 0, 0, 12)",-0.22291611123461155
90004,Los Angeles,1.000171367978287,0.7043101193580377,1.4133147775066734,"(0, 0, 2)","(0, 0, 0, 12)",-0.19493951744168297
34135,Bonita Springs,1.0387840625496805,0.7981678535915075,1.348010416826453,"(1, 0, 1)","(0, 0, 0, 12)",-0.18114336359487734
90706,Bellflower,1.0497225258633194,0.8611343000526033,1.2775191333583595,"(2, 0, 1)","(0, 0, 0, 12)",-0.2129325108565199
33186,The Crossings,1.0556041292799143,0.7970755657062644,1.393486751524554,"(0, 0, 2)","(1, 0, 0, 12)",-0.13879730392413223
30052,Loganville,1.0110701011057168,0.8194111358004119,1.245337929698644,"(0, 0, 2)","(0, 0, 0, 12)",-0.29891120873318505
30041,Cumming,1.002807993735637,0.8216574031756403,1.2218446977864408,"(1, 0, 1)","(0, 0, 0, 12)",-0.3387823701347255
75217,Dallas,1.02055707926537,0.557292472617707,1.8416663698815667,"(0, 0, 3)","(0, 0, 0, 12)",-0.09173910719248393
33012,Hialeah,1.075348121580959,0.7171796195787279,1.6013907031165255,"(1, 0, 1)","(0, 0, 0, 12)",-0.07129097734051856
30331,Atlanta,0.9763486548121719,0.4795005480693716,1.9470217935260534,"(2, 0, 0)","(0, 0, 0, 12)",-0.1104145780452339
11372,New York,0.9960087521657338,0.7132325548162515,1.3846509024581526,"(0, 0, 2)","(0, 0, 0, 12)",-0.21205205701630506
37130,Murfreesboro,1.0180438699036345,0.7617810692929458,1.3558930079672395,"(0, 0, 2)","(0, 0, 0, 12)",-0.20255530341063652
23454,Virginia Beach,1.0066244112817808,0.8591562972122497,1.1782002307264305,"(1, 0, 1)","(0, 0, 0, 12)",-0.4129838206563181
38401,Columbia,1.0186864376932538,0.7100435031722989,1.4538334420668257,"(0, 0, 2)","(0, 0, 0, 12)",-0.16092978668995883
48185,Westland,1.0080105014172112,0.7408144739663829,1.3663545152481766,"(0, 0, 2)","(0, 0, 0, 12)",-0.2084181409351947
93065,Simi Valley,1.0255037627358528,0.8078684607572962,1.2987265474194514,"(2, 0, 0)","(0, 0, 0, 12)",-0.22996591934223873
91342,Los Angeles,1.004910665744653,0.8094883251615723,1.2451630493235035,"(0, 0, 2)","(0, 0, 0, 12)",-0.30636096324795103
44130,Parma Heights,0.9925299915532976,0.7689834932217392,1.277643731889773,"(1, 0, 1)","(0, 0, 0, 12)",-0.2867422913383617
32218,Jacksonville,1.0084824393349348,0.7010467911425693,1.4430257394324415,"(0, 0, 2)","(0, 0, 0, 12)",-0.1750749867852092
95123,San Jose,1.2194729975542455,0.7838695174573403,1.8814264143349226,"(1, 0, 1)","(0, 0, 0, 12)",0.07388100232730105
43026,Hilliard,1.0006299889678256,0.7197009854619109,1.3847938348741549,"(2, 0, 0)","(0, 0, 0, 12)",-0.20712056227276882
22193,Woodbridge,1.0132950872602224,0.8286431123492085,1.2370358184051937,"(1, 0, 1)","(0, 0, 0, 12)",-0.30629662280089065
45840,Findlay,1.0267547681559903,0.8325302528327516,1.2640326484777524,"(1, 0, 1)","(0, 0, 0, 12)",-0.2586998980129313
80634,Greeley,1.0064739619827572,0.7592622118197523,1.3298976525449695,"(0, 0, 2)","(0, 0, 0, 12)",-0.23116410672159826
2155,Medford,1.0090977877106886,0.7237137500421729,1.400313201965719,"(1, 0, 2)","(1, 0, 0, 12)",-0.19108293071098734
20878,Gaithersburg,0.9973965943334598,0.8414226215855205,1.1808964345563577,"(0, 0, 2)","(0, 0, 0, 12)",-0.41531274042731353
2360,Plymouth,0.9994206806164518,0.8104218442222171,1.2303003257903773,"(0, 0, 2)","(0, 0, 0, 12)",-0.3309617410404903
20001,Washington,1.052689719701848,0.8639191844771561,1.2806827673992778,"(0, 0, 2)","(2, 0, 0, 12)",-0.20561939121214615
29072,Lexington,1.0125932434243416,0.8456306988710921,1.2109221598276247,"(1, 0, 1)","(0, 0, 0, 12)",-0.34435831088949065
33027,Miramar,1.0057274102595455,0.8231216212192288,1.2268498233436502,"(0, 0, 2)","(0, 0, 0, 12)",-0.3285799281400205
89052,Henderson,1.050437896930748,0.8265121045433214,1.3318206786408482,"(1, 0, 1)","(0, 0, 0, 12)",-0.17404513099349372
90011,Los Angeles,0.9793620004563892,0.636608789665748,1.4951407307436924,"(1, 0, 1)","(0, 0, 0, 12)",-0.18522594889787683
32174,Ormond Beach,1.076696184805611,0.8002781686814827,1.4433577885624571,"(0, 0, 2)","(1, 0, 0, 12)",-0.09592623866309792
33063,Margate,1.0928974284638768,0.8739268328081773,1.3638688676843003,"(1, 0, 3)","(0, 0, 0, 12)",-0.09284152450669324
87121,Albuquerque,1.0636327314451501,0.8457977225974044,1.3347112154396434,"(1, 0, 1)","(1, 0, 0, 12)",-0.1528934331960808
43701,Zanesville,1.0183550807267345,0.6688138412826513,1.5396221901197797,"(0, 0, 2)","(0, 0, 0, 12)",-0.13783665870365086
90027,Los Angeles,0.9963028605937454,0.751815895899544,1.3160673837363754,"(0, 0, 2)","(0, 0, 0, 12)",-0.25180533214478446
10701,Yonkers,1.0063335050275468,0.7988064996554317,1.2650591305903036,"(0, 0, 2)","(1, 0, 0, 12)",-0.2832174664824275
77082,Houston,1.054491415637553,0.8411142129796855,1.319249938587543,"(0, 0, 2)","(1, 0, 0, 12)",-0.1754585022014004
78641,Leander,1.0324804493428175,0.845424520657976,1.2588419927907017,"(2, 0, 3)","(0, 0, 0, 12)",-0.256167074924376
60616,Chicago,1.0041161163578405,0.8256300884322666,1.2192915311546635,"(0, 0, 2)","(1, 0, 0, 12)",-0.34107551050797397
97402,Eugene,1.0960376906269749,0.8839616605868816,1.3563410201860873,"(3, 0, 1)","(0, 0, 0, 12)",-0.08964554105548157
43228,Columbus,1.0250737325889052,0.7011259788934534,1.48977211309943,"(1, 0, 2)","(0, 0, 0, 12)",-0.14367744467151367
33313,Lauderhill,1.0395206553950762,0.6407195925357876,1.6700834404024278,"(1, 0, 1)","(0, 0, 0, 12)",-0.09604353087735376
20147,Ashburn,1.0005594654931766,0.8532707042412087,1.1720741218762785,"(0, 0, 2)","(0, 0, 0, 12)",-0.43231948211507987
55901,Rochester,1.0452182487399801,0.8390642623087905,1.2993144933217917,"(1, 0, 1)","(0, 0, 0, 12)",-0.20242498294167208
23452,Virginia Beach,0.9946551133812078,0.831124276853449,1.1888121337200832,"(0, 0, 2)","(0, 0, 0, 12)",-0.4018287950269163
91710,Chino,1.097524748563465,0.8820855914731573,1.3628875659932456,"(2, 0, 1)","(0, 0, 0, 12)",-0.08498227441558785
35242,Hoover,1.0504595745556131,0.8690660177255479,1.267843069296714,"(3, 0, 2)","(0, 0, 0, 12)",-0.22048615636144073
30127,Powder Springs,1.0769827456372314,0.7921031806559631,1.458635272026653,"(1, 0, 1)","(0, 0, 0, 12)",-0.09212106822671767
90731,Los Angeles,1.0272315284260607,0.8084424909554196,1.3021648392006182,"(2, 0, 2)","(0, 0, 0, 12)",-0.22513233575650243
80015,Aurora,1.081917157908329,0.8375874519355471,1.3935509931271806,"(1, 0, 1)","(0, 0, 0, 12)",-0.10156643702270204
95687,Vacaville,1.0414346590017503,0.7965231410643284,1.3576262308615688,"(1, 0, 1)","(0, 0, 0, 12)",-0.17278417578304722
27713,Durham,1.0411939170998412,0.8194284445831211,1.3197483408944757,"(1, 0, 1)","(0, 0, 0, 12)",-0.19425666961955804
77840,College Station,1.060256640795884,0.7634551831335361,1.4659429179522192,"(1, 0, 2)","(0, 0, 0, 12)",-0.11121582517873976
30004,Milton,1.0167114989440986,0.7623543381509865,1.3512452864860685,"(1, 0, 1)","(0, 0, 0, 12)",-0.20661362736442748
93550,Palmdale,1.0335049080260466,0.7681265436595099,1.3853657571508482,"(1, 0, 1)","(0, 0, 0, 12)",-0.16991708171359202
89123,Las Vegas,1.1044414000386047,0.8360435487056009,1.4541538971768162,"(2, 0, 0)","(0, 0, 0, 12)",-0.05491413296514894
94509,Antioch,1.0182171182721031,0.7335331182996062,1.4072914266603027,"(0, 0, 2)","(0, 0, 0, 12)",-0.178353682824276
80525,Fort Collins,1.031706262642399,0.7894922298557594,1.3441103215691586,"(1, 0, 2)","(0, 0, 0, 12)",-0.19234520628370505
63123,Affton,1.0269774201714095,0.8209791736330192,1.28200703341962,"(1, 0, 1)","(0, 0, 0, 12)",-0.2416491137473683
7087,Union City,1.1252303163018607,0.5523770313450718,2.2450845512057205,"(1, 0, 2)","(0, 0, 0, 12)",-0.007771028039687447
32828,Orlando,1.113548918370462,0.871928065639036,1.4185290917898727,"(1, 0, 1)","(0, 0, 0, 12)",-0.04543620363488304
77057,Houston,1.011193566572932,0.6560332388005217,1.546786768265674,"(1, 0, 2)","(0, 0, 0, 12)",-0.14279014690531355
42101,Bowling Green,1.0168232597956415,0.7285995631056612,1.412753691175773,"(0, 0, 2)","(0, 0, 0, 12)",-0.17768091884346351
30135,Douglasville,1.141829512506034,0.7848368006518356,1.6514457617931022,"(2, 0, 0)","(0, 0, 0, 12)",0.003975401546517005
60641,Chicago,1.05325507518138,0.7973434230833752,1.386937415564409,"(0, 0, 2)","(1, 0, 0, 12)",-0.14438634010173698
93727,Fresno,1.0945793697726152,0.8944179582906008,1.337234027659124,"(3, 0, 0)","(0, 0, 0, 12)",-0.09892374545381889
93536,Lancaster,1.10190436953343,0.8653243602449325,1.3994590649818077,"(1, 0, 0)","(2, 0, 0, 12)",-0.06829742393583699
93535,Lancaster,1.0116078820358652,0.7473125149480655,1.3643158479459605,"(0, 0, 2)","(0, 0, 0, 12)",-0.20547135661300375
85251,Scottsdale,1.1576176272977678,0.7876656244721268,1.6908524610914426,"(1, 0, 1)","(0, 0, 0, 12)",0.021294855744434318
19020,Bensalem,0.9403192121341005,0.7603462626532419,1.1607328660137743,"(1, 0, 2)","(0, 0, 0, 12)",-0.49468483736764063
33321,Tamarac,1.0379092738207225,0.7611539611449364,1.4094751648107755,"(1, 0, 1)","(0, 0, 0, 12)",-0.15497737774554174
95758,Elk Grove,0.9762314228243527,0.6967757820215796,1.3613254775101957,"(1, 0, 2)","(0, 0, 0, 12)",-0.24400428166340582
93306,Bakersfield,1.0029957210633629,0.8328056586124948,1.206273206495774,"(0, 0, 2)","(0, 0, 0, 12)",-0.36251790444892434
89031,North Las Vegas,1.174977636646723,0.9107988117021035,1.5114979825948707,"(1, 0, 1)","(0, 0, 0, 12)",0.06091775137736604
93257,Porterville,1.0067958688556886,0.7592571005593363,1.3307757882968108,"(0, 0, 2)","(0, 0, 0, 12)",-0.2302436085982262
19120,Philadelphia,1.0023862478397725,0.5752604034618497,1.7252141647616843,"(0, 0, 2)","(0, 0, 0, 12)",-0.11826401255315813
27707,Durham,1.1046919972267257,0.8248135444678844,1.4741082541061221,"(1, 0, 1)","(0, 0, 0, 12)",-0.05189076112099225
93307,Bakersfield,1.0049033219562213,0.7809329710268048,1.2897853313150829,"(0, 0, 2)","(0, 0, 0, 12)",-0.2623178791385496
33467,Greenacres,1.0118933902948648,0.856805508096787,1.193686743442175,"(3, 0, 0)","(0, 0, 0, 12)",-0.3754765488114459
20874,Germantown,1.0025774639099652,0.8751308070329238,1.1477294056813925,"(3, 0, 0)","(0, 0, 0, 12)",-0.49819379360366084
37128,Murfreesboro,1.0147096314689963,0.7604687753863119,1.349425211532177,"(0, 0, 2)","(0, 0, 0, 12)",-0.2099896611063795
93309,Bakersfield,1.0103782149472866,0.8298379434733958,1.228270995023833,"(2, 0, 0)","(0, 0, 0, 12)",-0.3212739968641801
31419,Savannah,1.0039648303318969,0.796150370325085,1.2632808433800833,"(0, 0, 2)","(1, 0, 0, 12)",-0.2877559297099519
27703,Durham,1.0030659909747037,0.7716193129723522,1.3003163644489453,"(0, 0, 2)","(0, 0, 0, 12)",-0.2559469596984782
85282,Tempe,1.1123781157828914,0.8034488887856887,1.5331892371939864,"(2, 0, 0)","(0, 0, 0, 12)",-0.03563771439460737
29223,Columbia,1.020286175624666,0.7445075057385003,1.3924644081367294,"(1, 0, 1)","(1, 0, 0, 12)",-0.1822624588763766
29445,Goose Creek,1.0065663774282776,0.7847751902940342,1.2878063884250532,"(0, 0, 2)","(0, 0, 0, 12)",-0.26204739778202935
33157,Village of Palmetto Bay,1.0110477012072456,0.6829286728154798,1.4874428313802146,"(0, 0, 3)","(0, 0, 0, 12)",-0.15827775227922958
90802,Long Beach,1.4725951764557497,0.866219311812768,2.475468294972134,"(0, 0, 2)","(2, 0, 0, 12)",0.20768121406416623
37064,Franklin,1.0105567518689553,0.8236865468707809,1.2376448165320817,"(3, 0, 2)","(0, 0, 0, 12)",-0.3087935461159415
98682,Vancouver,1.0610604037797136,0.784765113137676,1.429060720400895,"(1, 0, 1)","(1, 0, 0, 12)",-0.12001321947610959
95076,Watsonville,1.0803026198946928,0.829866110089981,1.4023517108601176,"(0, 0, 2)","(1, 0, 0, 12)",-0.10145543211717506
60085,Waukegan,1.0091826422244525,0.43143281700310454,2.2943471735899674,"(0, 0, 2)","(0, 0, 0, 12)",-0.06935463845689177
28601,Hickory,1.007623252216261,0.8392431805839684,1.2081609366117172,"(0, 0, 2)","(0, 0, 0, 12)",-0.35444523758729357
75002,Allen,1.0672500936414877,0.8225125516601762,1.3809614771833412,"(0, 0, 2)","(1, 0, 0, 12)",-0.12737834564469788
92630,Lake Forest,1.0013570700898495,0.862775209391629,1.1611482124650172,"(0, 0, 2)","(0, 0, 0, 12)",-0.4592483984824009
37167,Smyrna,1.2791702902349258,1.019790147139089,1.6009765360472248,"(3, 0, 0)","(0, 0, 0, 12)",0.24223880500321102
92647,Huntington Beach,1.0089983139150942,0.8380279644953075,1.2130706799849802,"(2, 0, 3)","(0, 0, 0, 12)",-0.3449902494910774
32246,Jacksonville,1.0215962256881326,0.6801149407035125,1.5242285566356109,"(0, 0, 3)","(1, 0, 0, 12)",-0.1383559819546254
20020,Washington,1.0154830690449788,0.7366212754941759,1.3940991174226496,"(0, 0, 2)","(0, 0, 0, 12)",-0.1869284666631839
77521,Baytown,1.06664923545099,0.8641578563541473,1.314091702911997,"(2, 0, 0)","(0, 0, 0, 12)",-0.15943490137382743
77083,Mission Bend,1.0196111180460894,0.7433968921865971,1.3928014086703266,"(0, 0, 3)","(0, 0, 0, 12)",-0.1828956726366931
63021,Ballwin,1.0104063138395987,0.8336821482157544,1.2226887478427855,"(1, 0, 1)","(0, 0, 0, 12)",-0.32898691226521803
11368,New York,1.002444896457924,0.7103675882977156,1.4078488985718638,"(0, 0, 2)","(0, 0, 0, 12)",-0.1949005592570386
30253,McDonough,1.0058294954895781,0.7946102149824714,1.2703815742038174,"(0, 0, 1)","(0, 0, 0, 12)",-0.2786105044848657
29485,Summerville,1.0764384181251379,0.8449947395102151,1.367870338244569,"(1, 0, 1)","(0, 0, 0, 12)",-0.11847172812518501
97045,Oregon City,1.156449067163528,0.8325798914156901,1.598888498937536,"(1, 0, 1)","(0, 0, 0, 12)",0.023573626975507214
1960,Peabody,1.0903556890821557,0.877087760689876,1.3528407617352913,"(0, 0, 3)","(1, 0, 0, 12)",-0.10095302544386262
17331,Penn,1.0025258489878177,0.8360878830033471,1.2004986436184124,"(0, 0, 3)","(0, 0, 0, 12)",-0.37281705042014407
32608,Gainesville,1.0070415139517301,0.7896010228638098,1.2812516372497698,"(0, 0, 3)","(0, 0, 0, 12)",-0.26714678291208127
11203,New York,1.0268652473429747,0.7213961616154978,1.4543491319345387,"(0, 0, 2)","(0, 0, 0, 12)",-0.1521504804191879
85022,Phoenix,1.0042873694617185,0.8291185157828723,1.214669169652437,"(0, 0, 2)","(0, 0, 0, 12)",-0.3478065024507398
85204,Mesa,1.1515823879973468,0.8422593367415033,1.567880688190561,"(1, 0, 1)","(0, 0, 0, 12)",0.018188541543468925
94513,Brentwood,1.1582198015455734,0.8717764050103741,1.5334224626502884,"(1, 0, 1)","(0, 0, 0, 12)",0.029978879817766212
87124,Rio Rancho,1.0031845543634121,0.8281332405108293,1.2134351807610038,"(0, 0, 2)","(0, 0, 0, 12)",-0.3508932227294025
78251,San Antonio,1.017153035441014,0.8284040680337541,1.2467706136633983,"(0, 0, 2)","(1, 0, 0, 12)",-0.2897730703544174
89110,Las Vegas,1.1537349281835554,0.7558346406558508,1.7476905834427732,"(2, 0, 0)","(0, 0, 0, 12)",0.015476576405577425
92646,Huntington Beach,0.9914373364514644,0.8087014162762601,1.2133472905020333,"(1, 0, 0)","(1, 0, 0, 12)",-0.3631497731970788
94587,Union City,1.1748907984198804,0.8757768075055797,1.570462096305148,"(3, 0, 0)","(0, 0, 0, 12)",0.05255099698638609
37040,Clarksville,1.0328078494925066,0.8481657055011618,1.255655447604858,"(3, 0, 0)","(0, 0, 0, 12)",-0.2590900665723121
74133,Tulsa,0.9948073081626759,0.8502064629723743,1.16283164715148,"(1, 0, 1)","(1, 0, 0, 12)",-0.4592626986082961
98122,Seattle,0.9910985016980579,0.6641475520384311,1.4693289651746133,"(0, 0, 3)","(0, 0, 0, 12)",-0.18292261818358546
11220,New York,1.009207039897578,0.6719944797136728,1.505605501935802,"(0, 0, 3)","(1, 0, 0, 12)",-0.15496118760494035
21224,Baltimore,0.9738577226096358,0.4859828282944578,1.9137977760492086,"(1, 0, 2)","(1, 0, 0, 12)",-0.11522968823850117
28215,Charlotte,1.3030648706201298,0.9953051956551675,1.7006501019037077,"(3, 0, 0)","(0, 0, 0, 12)",0.23347510595109375
20852,North Bethesda,0.9940588982882799,0.8709839691740273,1.1337240706735632,"(0, 0, 2)","(0, 0, 0, 12)",-0.5493089741143403
85142,Queen Creek,1.087008837473285,0.8428868389858118,1.39798275805194,"(2, 0, 0)","(0, 0, 0, 12)",-0.09255257454393627
98632,Longview,1.0633180083634426,0.5705209734914087,1.9512684391055328,"(0, 0, 2)","(0, 0, 0, 12)",-0.05436648439174009
95355,Modesto,1.0096106618750147,0.7497402087891515,1.3547747702759216,"(0, 0, 1)","(0, 0, 0, 12)",-0.21283698522979114
83301,Twin Falls,1.0166496094309228,0.7367607383299667,1.3969272854242756,"(2, 0, 1)","(0, 0, 0, 12)",-0.1844001108607738
95670,Rancho Cordova,1.17395270978389,0.9689515685880244,1.4201982653406335,"(1, 0, 3)","(0, 0, 0, 12)",0.07882232964400483
85345,Peoria,1.086923438273032,0.8229196514317743,1.4308029662911383,"(1, 0, 1)","(0, 0, 0, 12)",-0.08465597651839032
21061,Glen Burnie,1.002009502272076,0.835926830328118,1.1994914612105458,"(0, 0, 2)","(0, 0, 0, 12)",-0.3751049470863225
32765,Oviedo,1.0079417692453216,0.8002598383884664,1.2667902423894764,"(0, 0, 2)","(0, 0, 0, 12)",-0.27960155123369734
92376,Rialto,1.0965989189905112,0.8304215352745021,1.4433277925834427,"(1, 0, 1)","(0, 0, 0, 12)",-0.06817596396330153
43229,Columbus,1.0412463449034977,0.7538430249308558,1.4319687831998362,"(1, 0, 2)","(0, 0, 0, 12)",-0.14324488903968136
60148,Lombard,1.0009998300426515,0.860439787574105,1.1634436625090958,"(0, 0, 2)","(0, 0, 0, 12)",-0.45340860372994174
97401,Eugene,1.0399247866569632,0.7390168533986368,1.4562480187455065,"(2, 0, 1)","(0, 0, 0, 12)",-0.13727736886211156
37421,Chattanooga,1.0409590441084484,0.8137769539786999,1.3282053016384727,"(1, 0, 1)","(0, 0, 0, 12)",-0.18938565542984673
95014,Cupertino,1.0602658092069,0.6812560945766272,1.6365844408706618,"(1, 0, 1)","(0, 0, 0, 12)",-0.08177145061991489
94568,Dublin,1.0006288816462363,0.7750816516636478,1.2883828688652852,"(0, 0, 3)","(0, 0, 0, 12)",-0.26837168438144865
37027,Brentwood,1.0005132298675994,0.8392946673988332,1.191206996320313,"(0, 0, 2)","(0, 0, 0, 12)",-0.39177702144345905
19134,Philadelphia,1.0193977050365353,0.38648816257517415,2.591050289395792,"(0, 0, 2)","(1, 0, 0, 12)",-0.05397293522262985
28210,Charlotte,1.1366863419396926,0.9080648992498099,1.4199116328599466,"(0, 0, 2)","(1, 0, 0, 12)",-0.003317500826894557
33414,Wellington,1.0130375923905768,0.8371070134056269,1.224109488840505,"(1, 0, 1)","(0, 0, 0, 12)",-0.3238914721934464
30263,Newnan,1.0650127313001192,0.8017721502976731,1.4099438353998976,"(1, 0, 1)","(0, 0, 0, 12)",-0.12064300985869751
28227,Mint Hill,1.4703765667736837,1.0902773432776975,1.9751831230476904,"(3, 0, 1)","(0, 0, 0, 12)",0.37517234089971524
45013,Hamilton,1.007498080715185,0.766142977143563,1.320879224637696,"(0, 0, 3)","(1, 0, 0, 12)",-0.235943322214377
85008,Phoenix,1.1193192931125664,0.6514927598684582,1.8999844115262208,"(2, 0, 1)","(0, 0, 0, 12)",-0.01527050722670535
70072,Marrero,0.9310630445332643,0.5584586263430397,1.5355571335466827,"(1, 0, 3)","(2, 0, 0, 12)",-0.21218060189423069
23322,Chesapeake,1.0003787726866624,0.8441715082917299,1.184105627768611,"(0, 0, 2)","(0, 0, 0, 12)",-0.40597755067187624
94080,South San Francisco,1.009023798969582,0.7007229739852756,1.4452150149509324,"(0, 0, 2)","(0, 0, 0, 12)",-0.1737568540884816
38305,Jackson,1.027551781369747,0.8539119865785111,1.2347831671488312,"(3, 0, 0)","(0, 0, 0, 12)",-0.2909976343339466
33433,Boca Raton,1.038056771632759,0.8962835469071424,1.2012061714438904,"(1, 0, 3)","(0, 0, 0, 12)",-0.32902649457825844
42701,Elizabethtown,1.0230876176784514,0.8106218965936006,1.2884142747953065,"(0, 0, 2)","(1, 0, 0, 12)",-0.24131145971223983
89074,Henderson,1.1980516389156157,0.9956330792048799,1.4395178676864682,"(3, 0, 0)","(0, 0, 0, 12)",0.13442056714318582
89103,Las Vegas,1.0114156511029722,0.707957328821585,1.437546953509751,"(0, 0, 2)","(0, 0, 0, 12)",-0.17402761566542718
77346,Atascocita,1.0091192599861003,0.8320155708591926,1.2220816631253606,"(0, 0, 2)","(0, 0, 0, 12)",-0.33139290104555175
23455,Virginia Beach,1.0140333405390043,0.8184300092523522,1.2540277974972238,"(2, 0, 0)","(0, 0, 0, 12)",-0.28547218722970014
30058,Lithonia,1.0345743946540438,0.6094786125483442,1.7359144987034962,"(2, 0, 0)","(0, 0, 0, 12)",-0.09215792973533275
30047,Lilburn,1.158309672549592,0.9065463326836568,1.4762273731507936,"(3, 0, 0)","(0, 0, 0, 12)",0.03497620112399358
12180,Troy,1.0059992793306176,0.8426424902082034,1.1995017723771224,"(0, 0, 2)","(0, 0, 0, 12)",-0.37097287694594855
33015,Country Club,1.0033542693911341,0.7360444306574262,1.362334072281371,"(1, 0, 1)","(0, 0, 0, 12)",-0.21560331759667223
60608,Chicago,1.0086656321713094,0.6109311549923715,1.648386140842416,"(3, 0, 1)","(0, 0, 0, 12)",-0.12503555672258138
55124,Apple Valley,1.0104404390736228,0.8205271157603256,1.2421232938473836,"(0, 0, 2)","(0, 0, 0, 12)",-0.30347512970491114
32303,Tallahassee,1.0101338205463573,0.7693380223143987,1.3223483202360338,"(1, 0, 2)","(0, 0, 0, 12)",-0.23191353549351842
78753,Austin,1.0248639171513814,0.6161035193883079,1.6866405871596373,"(2, 0, 0)","(0, 0, 0, 12)",-0.10604067824259084
92620,Irvine,1.050694597425654,0.8712613768216381,1.2652780467150055,"(2, 0, 1)","(0, 0, 0, 12)",-0.2225535191182772
37129,Murfreesboro,1.4031308840689292,1.1766022200169988,1.6710945594704631,"(1, 0, 2)","(0, 0, 0, 12)",0.5353904783638339
90640,Montebello,0.99843338836105,0.8066741740612,1.23351912523248,"(0, 0, 2)","(0, 0, 0, 12)",-0.32787316602107225
78759,Austin,1.0708544348302778,0.8188230536886822,1.3962834906496033,"(1, 0, 1)","(0, 0, 0, 12)",-0.11694300552745884
48439,Grand Blanc,1.0158433847619777,0.7569524750108542,1.3584618944267608,"(2, 0, 0)","(0, 0, 0, 12)",-0.20372251071097583
89148,Las Vegas,1.1181817917551478,0.90265329811288,1.3824852306349265,"(3, 0, 0)","(0, 0, 0, 12)",-0.042103496614643424
78254,San Antonio,1.0033035405408584,0.861759187772619,1.1670178155423638,"(0, 0, 1)","(0, 0, 0, 12)",-0.44251281068694326
96815,Honolulu,1.0667024699354797,0.7744840675015447,1.4630846309585956,"(1, 0, 1)","(1, 0, 0, 12)",-0.10409797460277388
94087,Sunnyvale,1.2590405535081388,0.7649696751408833,2.0503263793249342,"(1, 0, 1)","(0, 0, 0, 12)",0.09386978666209567
98208,Seattle Hill-Silver Firs,1.2665398390204414,0.8742749046394716,1.823977402981774,"(1, 0, 1)","(0, 0, 0, 12)",0.1349427271618724
7305,Jersey City,1.0344058112352206,0.5602247629864292,1.8814430107679236,"(0, 0, 2)","(0, 0, 0, 12)",-0.0786990210293123
32825,Orlando,1.0973935881340073,0.7496448360107265,1.5966419993033578,"(1, 0, 1)","(0, 0, 0, 12)",-0.04839544634167588
53704,Madison,1.0348305562103104,0.798366767736024,1.3375452123322193,"(1, 0, 1)","(0, 0, 0, 12)",-0.19205856378203565
1201,Pittsfield,1.001479146936413,0.8556799335486031,1.1709534726016158,"(2, 0, 0)","(0, 0, 0, 12)",-0.4342427448129547
20904,Silver Spring,1.0144164672408411,0.8462581748692479,1.2143707092914184,"(3, 0, 0)","(0, 0, 0, 12)",-0.33676638274608056
84404,Ogden,1.1208692733513597,0.7703536237512475,1.6211820310322138,"(1, 0, 1)","(0, 0, 0, 12)",-0.020585961164956645
59102,Billings,1.0101429170482543,0.7112001614790262,1.4276333870169204,"(2, 0, 1)","(0, 0, 0, 12)",-0.17899990157093876
8759,Manchester,1.1176718855834824,0.876300236368391,1.4220730728665276,"(3, 0, 0)","(0, 0, 0, 12)",-0.037950786358485006
78209,San Antonio,1.011790274493561,0.7782495245972127,1.311709297382896,"(1, 0, 3)","(0, 0, 0, 12)",-0.23730771440752213
33436,Boynton Beach,1.0116104201119964,0.8479732380156124,1.2052924220401526,"(3, 0, 2)","(0, 0, 0, 12)",-0.3547919604030677
54601,La Crosse,1.0070452834218764,0.7966561414298209,1.2701684090792718,"(0, 0, 2)","(0, 0, 0, 12)",-0.27737213891371393
33463,Greenacres,1.0042250814573224,0.6634788207646616,1.5094984817505652,"(0, 0, 2)","(0, 0, 0, 12)",-0.15857706224938495
33021,Hollywood,1.0349819885032816,0.7801433809231711,1.3685327337535895,"(3, 0, 1)","(0, 0, 0, 12)",-0.17573806341157214
33324,Plantation,1.027458568140671,0.8334335554104819,1.2643913845697783,"(1, 0, 2)","(0, 0, 0, 12)",-0.2573936897199627
7047,North Bergen,1.277976150722038,0.7503716284072935,2.1512011561444924,"(3, 0, 1)","(0, 0, 0, 12)",0.09964935351258414
92562,Murrieta,1.0095329274261535,0.8116628489672633,1.2531624790686855,"(1, 0, 1)","(0, 0, 0, 12)",-0.29184954570841654
8873,Franklin,1.0047333859856487,0.8061691264818855,1.2497035917791992,"(3, 0, 1)","(1, 0, 0, 12)",-0.3013317303908928
11354,New York,1.1241652247071818,0.8821405221029941,1.429053077264285,"(3, 0, 0)","(0, 0, 0, 12)",-0.025998981117396947
30067,Marietta,1.0347182777123158,0.787240367986234,1.3558554477126858,"(2, 0, 1)","(0, 0, 0, 12)",-0.18231334321847953
20910,Silver Spring,0.9832627152510508,0.7583036141820744,1.2714247794251352,"(1, 0, 1)","(0, 0, 0, 12)",-0.30231003739079254
85255,Scottsdale,0.9992266068307519,0.8836296893102186,1.1292550719312577,"(0, 0, 2)","(0, 0, 0, 12)",-0.5665448154665429
53711,Madison,1.0123941804963872,0.8656927934270211,1.182794116386068,"(0, 0, 3)","(0, 0, 0, 12)",-0.39731847293986783
2780,Taunton,0.9934787920769661,0.7585224991260355,1.2972647188939537,"(1, 0, 1)","(0, 0, 0, 12)",-0.26897019856202203
2135,Boston,1.0076348126962091,0.6752863645196633,1.4936953948695513,"(2, 0, 1)","(1, 0, 0, 12)",-0.15976067755457204
76137,Fort Worth,1.1088038517222314,0.8547749723454284,1.4341979034021262,"(2, 0, 1)","(0, 0, 0, 12)",-0.05105172852843417
34668,Port Richey,1.0763692261288764,0.5329302986369908,2.1301091988383742,"(1, 0, 2)","(0, 0, 0, 12)",-0.03882794079297681
45140,Loveland,1.0100709273644364,0.7616215375230087,1.3351889352789048,"(2, 0, 0)","(0, 0, 0, 12)",-0.2237112273802214
32771,Sanford,1.0602510510693557,0.7280097098832496,1.5349844693236696,"(1, 0, 1)","(0, 0, 0, 12)",-0.0968225361676886
8527,Jackson,0.9994437301699559,0.835844143297095,1.193515097551173,"(0, 0, 2)","(0, 0, 0, 12)",-0.3884594543649542
22407,Fredericksburg,0.9697686132254226,0.734769619468173,1.2758707477570406,"(1, 0, 2)","(1, 0, 0, 12)",-0.31161602122228277
19711,Newark,0.9715477378852966,0.6278231723627619,1.491857563504474,"(2, 0, 0)","(0, 0, 0, 12)",-0.19309029562577648
89147,Las Vegas,1.1328687501345889,0.8873677299229837,1.4425774962894045,"(1, 0, 1)","(0, 0, 0, 12)",-0.009934342119368498
22192,Woodbridge,1.0031944209077381,0.8586550805443904,1.170919752606636,"(0, 0, 2)","(0, 0, 0, 12)",-0.432933934220395
7728,Freehold,0.9948007735321147,0.8470851650254215,1.1670515854312127,"(0, 0, 2)","(0, 0, 0, 12)",-0.44874590335909537
17601,Manheim,1.021814299546734,0.8751793208215228,1.1918569281200126,"(0, 0, 2)","(1, 0, 0, 12)",-0.36810336969951385
94591,Vallejo,1.005091918360299,0.7684358281618594,1.310818447128494,"(0, 0, 2)","(0, 0, 0, 12)",-0.2457535895883642
48066,Roseville,1.0109114527919687,0.63596301782123,1.5931169884193697,"(0, 0, 2)","(0, 0, 0, 12)",-0.13317913838884157
85201,Mesa,1.1077755713222333,0.7650603532663491,1.5949592577389113,"(3, 0, 0)","(0, 0, 0, 12)",-0.03688259186088162
91331,Los Angeles,1.0052184098896162,0.7965411426934232,1.2657850811331786,"(0, 0, 2)","(0, 0, 0, 12)",-0.28378839469903583
92563,Murrieta,1.019781670533673,0.8245958990970488,1.258840549417343,"(3, 0, 1)","(0, 0, 0, 12)",-0.27312420148534794
29483,Summerville,1.0101160468032027,0.8358251377575495,1.218973345882735,"(0, 0, 2)","(0, 0, 0, 12)",-0.33477475394215067
32839,Orlando,1.0177924780232064,0.6277144476003507,1.6348929594163537,"(0, 0, 2)","(0, 0, 0, 12)",-0.11973241532034548
45040,Mason,1.0196392627758952,0.8190379377455184,1.2669164442241456,"(3, 0, 1)","(0, 0, 0, 12)",-0.2651279965618507
19702,Newark,0.9757597399728357,0.6001723861711794,1.5712957684482902,"(3, 0, 1)","(0, 0, 0, 12)",-0.16746034221473083
63301,Saint Charles,1.0065191355054126,0.8081499367940802,1.251146110583451,"(0, 0, 2)","(0, 0, 0, 12)",-0.29766681113361554
30144,Kennesaw,1.0626614331402167,0.857306925642303,1.3147032677253447,"(3, 0, 0)","(0, 0, 0, 12)",-0.16555217826320778
70065,Kenner,1.042243886331719,0.658179706670469,1.6361584269389886,"(1, 0, 1)","(0, 0, 0, 12)",-0.09830531644243927
91801,Alhambra,1.0128266328564741,0.8191599553673523,1.249991428681406,"(0, 0, 2)","(0, 0, 0, 12)",-0.2914312644788798
78748,Austin,1.004615043499327,0.7968372146395392,1.263834715028168,"(0, 0, 2)","(0, 0, 0, 12)",-0.2864455383402256
79424,Lubbock,1.0003791669870266,0.8179141900217044,1.2215345386842562,"(0, 0, 2)","(1, 0, 0, 12)",-0.34191840766195053
19380,West Chester,1.038135181843592,0.87905672693558,1.2246242358007233,"(0, 0, 2)","(1, 0, 0, 12)",-0.29010022495262283
72034,Conway,1.0072164371341354,0.8251497252468967,1.2274358721519298,"(1, 0, 1)","(0, 0, 0, 12)",-0.32605636007276345
27106,Winston-Salem,0.9932167103787773,0.8302437310894938,1.1866188982941581,"(1, 0, 1)","(0, 0, 0, 12)",-0.40734511515371996
90042,Los Angeles,1.0707388325611096,0.8231953712312395,1.3886721181469175,"(1, 0, 1)","(0, 0, 0, 12)",-0.11962571707774407
29588,Socastee,1.0056429231936246,0.7972295585412196,1.265780039880823,"(0, 0, 3)","(0, 0, 0, 12)",-0.2833023889518801
93308,Oildale,1.0831199902423663,0.9310835078584624,1.2587876744459499,"(3, 0, 0)","(0, 0, 0, 12)",-0.16864113824005134
73013,Edmond,1.0225661210983505,0.898486375867972,1.1629898578428588,"(0, 0, 2)","(2, 0, 0, 12)",-0.437870503399775
80219,Denver,1.2047486413835653,0.848879638550078,1.7006046983275356,"(1, 0, 1)","(0, 0, 0, 12)",0.07791745319694796
30907,Martinez,1.0457689251252564,0.8435476876674728,1.2940136258113037,"(1, 0, 1)","(0, 0, 0, 12)",-0.20559927162985536
10466,New York,1.0601399166575083,0.695072558112155,1.6051988298532618,"(1, 0, 1)","(0, 0, 0, 12)",-0.08597101267552089
78520,Brownsville,0.9843102812876676,0.6324564893289242,1.5198447881045365,"(0, 0, 3)","(1, 0, 0, 12)",-0.17362648665370736
92882,Corona,1.0700437729154584,0.8883826317393749,1.2870020265140882,"(3, 0, 0)","(0, 0, 0, 12)",-0.17144329122483631
94015,Daly City,0.998222877536637,0.6466388341023904,1.5288555431223514,"(2, 0, 0)","(0, 0, 0, 12)",-0.15887424816602436
34748,Leesburg,1.010289306163041,0.789903942265286,1.289021516538237,"(0, 0, 2)","(0, 0, 0, 12)",-0.25664311244748045
24060,Blacksburg,1.1310939213677216,0.9625486205153997,1.3277017159272557,"(1, 0, 1)","(0, 1, 0, 12)",-0.01996552302464547
38654,Olive Branch,0.95757111257569,0.6181701483734464,1.4720065453706015,"(2, 0, 2)","(2, 0, 0, 12)",-0.2117657222881305
33308,Fort Lauderdale,1.016075477709212,0.7200064722298303,1.4269755436586822,"(0, 0, 3)","(2, 0, 0, 12)",-0.17300462090269034
7055,Passaic,1.0853972279995372,0.7149440452227969,1.6361229350015842,"(1, 0, 1)","(0, 0, 0, 12)",-0.057521037976537584
27603,Raleigh,1.1102249774043988,0.9306630184265178,1.3226679442782692,"(1, 0, 2)","(0, 0, 0, 12)",-0.07183434349990298
60402,Berwyn,1.0172143127277626,0.8170693435292797,1.2638904202637877,"(1, 0, 1)","(0, 0, 0, 12)",-0.27118255490423454
92399,Yucaipa,1.0535902188889308,0.7849211835503356,1.409018376443253,"(1, 0, 1)","(0, 0, 0, 12)",-0.13586693864092697
98225,Bellingham,1.1192856117575807,0.8337821854787187,1.4970536202409335,"(3, 0, 0)","(0, 0, 0, 12)",-0.028794820857849634
75098,Wylie,1.0668668910429202,0.8446340758311104,1.344447868443309,"(1, 0, 0)","(1, 0, 0, 12)",-0.14308829391240346
11374,New York,1.0918151359666248,0.8591566521708834,1.3841743189237818,"(1, 0, 2)","(0, 0, 0, 12)",-0.0887003635955373
33312,Fort Lauderdale,1.085856911170517,0.7376792548937631,1.588252965819819,"(1, 0, 1)","(0, 0, 0, 12)",-0.06175535648048853
85351,Sun City,1.0189260512950609,0.7251591528575514,1.4248237558610777,"(1, 0, 1)","(0, 0, 0, 12)",-0.17073658163327812
75115,Desoto,1.0856982514938935,0.7057400715997604,1.6568942947682161,"(1, 0, 1)","(1, 0, 0, 12)",-0.055391797801504314
23112,Midlothian,1.0126583947256664,0.8440520060097874,1.2132682859756276,"(1, 0, 1)","(0, 0, 0, 12)",-0.34052127708900926
65202,Columbia,1.0069925368406005,0.8216907398316718,1.2320326641578128,"(0, 0, 2)","(0, 0, 0, 12)",-0.3202009087344836
78228,San Antonio,1.1028450169878328,0.7256445943981398,1.6637968832602021,"(1, 0, 1)","(0, 0, 0, 12)",-0.03788231115116981
84015,Clearfield,1.2150070401867679,0.8737734543886415,1.6818318591105665,"(3, 0, 1)","(0, 0, 0, 12)",0.09482315366975022
60638,Chicago,1.028900957019328,0.783844489996082,1.3464484223598945,"(3, 0, 0)","(0, 0, 0, 12)",-0.1946012649118159
78223,San Antonio,1.2468592386159092,0.8492625209321707,1.819174772473593,"(3, 0, 1)","(0, 0, 0, 12)",0.11183985411239955
7003,Bloomfield,0.9895671683549867,0.7710629412761271,1.2668066980217558,"(0, 0, 2)","(1, 0, 0, 12)",-0.3001898128251376
77373,Spring,1.027788262184751,0.8549455147931561,1.2338344824180658,"(1, 0, 1)","(0, 0, 0, 12)",-0.2918958881548219
99336,Kennewick,1.0045154691687392,0.6938219437213325,1.4463479478582046,"(0, 0, 2)","(0, 0, 0, 12)",-0.17789275586096526
97206,Portland,0.986963150134825,0.6262348686280044,1.5418824926553343,"(1, 0, 1)","(0, 0, 0, 12)",-0.1653706511035985
79109,Amarillo,1.013141982724745,0.8655300366612505,1.1847225178580456,"(1, 0, 1)","(0, 0, 0, 12)",-0.3923726859334307
92201,Indio,1.0507755878778775,0.8101682316008946,1.359036846306432,"(1, 0, 2)","(0, 0, 0, 12)",-0.15961708080322887
38016,Memphis,1.0616979033481126,0.8418147239784022,1.3359930535763347,"(1, 0, 2)","(0, 0, 0, 12)",-0.1551797923149881
19382,West Chester,1.0530638155927203,0.9529600373314916,1.1632115003501864,"(2, 0, 3)","(0, 0, 0, 12)",-0.40580254274559235
33437,Boynton Beach,0.9980735704337853,0.8304812048312967,1.1978410518106273,"(0, 0, 2)","(0, 0, 0, 12)",-0.3819438205389845
23456,Virginia Beach,0.9899259853772719,0.8550535155182003,1.1450818746257865,"(2, 0, 1)","(0, 0, 0, 12)",-0.5118754903183274
28645,Lenoir,0.8963853181855458,0.626531881924644,1.2757498087934864,"(1, 0, 2)","(0, 0, 0, 12)",-0.37275476492661824
78230,San Antonio,1.0189532713757945,0.7873555140748905,1.31497488807566,"(1, 0, 1)","(0, 0, 0, 12)",-0.22635848570207898
22030,Fairfax,1.0175839980365802,0.8990168806459713,1.1510660056004818,"(3, 0, 0)","(0, 0, 0, 12)",-0.47927322059502997
7306,Jersey City,1.3665776943218364,0.7739140113016204,2.3809213289896367,"(3, 0, 1)","(0, 0, 0, 12)",0.1419989180562339
63366,O Fallon,1.002923863224523,0.8306362950235652,1.2092105702342457,"(0, 0, 2)","(0, 0, 0, 12)",-0.35781757913101564
80016,Aurora,1.006305880321039,0.8170966509527521,1.237175841580682,"(0, 0, 2)","(0, 0, 0, 12)",-0.3144133690203008
36695,Mobile,1.002137210091353,0.8670270837178602,1.1573245826682874,"(0, 0, 3)","(0, 0, 0, 12)",-0.469336402493777
63116,Saint Louis,0.9982695159202273,0.7087843037948095,1.3994171745337862,"(0, 0, 2)","(0, 0, 0, 12)",-0.20287895916615936
19145,Philadelphia,1.0137128615059623,0.5692636659117977,1.7813135245320684,"(0, 0, 2)","(0, 0, 0, 12)",-0.10286006925296316
95350,Modesto,1.3748692486604732,0.9730525967303908,1.932778996498141,"(3, 0, 0)","(0, 0, 0, 12)",0.24640861688916135
34997,Stuart,1.0079144430636482,0.7374551538769202,1.3721475342153373,"(0, 0, 2)","(0, 0, 0, 12)",-0.20556407305295354
97405,Eugene,0.999882073031546,0.8069914927130883,1.2365813031443893,"(0, 0, 2)","(0, 0, 0, 12)",-0.32240597310976155
39503,Gulfport,1.0000432989802368,0.8615702930635031,1.1597425497391898,"(1, 0, 1)","(0, 0, 0, 12)",-0.4639636714153468
61265,Moline,1.0026079038697349,0.7682023751566733,1.3047529888710003,"(1, 0, 1)","(1, 0, 0, 12)",-0.25305439330695373
8021,Lindenwold,1.0068759496314965,0.7015989541619961,1.437424395674343,"(0, 0, 2)","(0, 0, 0, 12)",-0.1787223393633969
85383,Peoria,1.058063357495662,0.8688592657626515,1.2863492568247237,"(1, 0, 2)","(0, 0, 0, 12)",-0.1923903282128829
92553,Moreno Valley,1.0118501102783186,0.7678431093114244,1.329281320162158,"(0, 0, 3)","(0, 0, 0, 12)",-0.22537526156553295
56001,Mankato,1.0041673381295624,0.8273848781973404,1.2168768520861595,"(0, 0, 2)","(0, 0, 0, 12)",-0.3445951772306291
22003,Annandale,1.002919307877853,0.8722978994576122,1.1521920615628671,"(0, 0, 2)","(0, 0, 0, 12)",-0.4839868220362968
85374,Surprise,1.0586285398918218,0.8268726676622855,1.3518192904813244,"(1, 0, 1)","(0, 0, 0, 12)",-0.15193135938577015
45069,West Chester,1.0928134087011336,0.9187874139973512,1.2982115572297366,"(2, 0, 2)","(0, 0, 0, 12)",-0.1201056548809102
28546,Jacksonville,1.0043973990953483,0.8277736303850394,1.2168710466833372,"(0, 0, 3)","(1, 0, 0, 12)",-0.34435333979092625
89119,Las Vegas,1.0883816657219192,0.7121610700972768,1.6504477575546257,"(2, 0, 0)","(0, 0, 0, 12)",-0.053291524699417954
95624,Elk Grove,1.0787827282392566,0.8802437722979106,1.3198835984350255,"(1, 0, 3)","(0, 0, 0, 12)",-0.13556930496065298
4401,Bangor,0.9980730745773866,0.8297096235412569,1.1989384303563488,"(0, 0, 3)","(0, 0, 0, 12)",-0.3800118428857264
63303,Saint Charles,1.0125525475989963,0.8442650633238571,1.2127457171067644,"(0, 0, 3)","(0, 0, 0, 12)",-0.3414883386980363
78253,San Antonio,0.9958111038029599,0.8478358410199118,1.1683894647389592,"(0, 0, 2)","(0, 0, 0, 12)",-0.444772042956805
30114,Canton,1.1312187018912847,0.9014127450164249,1.4164862599452943,"(1, 0, 1)","(0, 0, 0, 12)",-0.013911979169405387
36830,Auburn,1.0327091380208278,0.7979965860837612,1.3328424909223202,"(1, 0, 2)","(0, 0, 0, 12)",-0.19758075162369887
78550,Harlingen,1.0138504177631946,0.7015127133131023,1.4573072795012463,"(1, 0, 2)","(0, 0, 0, 12)",-0.16477225652280228
97702,Bend,1.1536404288284023,0.6773620614778142,1.9388095761298525,"(2, 0, 1)","(0, 0, 0, 12)",0.012094070303767702
27529,Garner,1.0781419983621399,0.8517033698256641,1.3615964823776885,"(1, 0, 1)","(0, 0, 0, 12)",-0.1181471058474067
92509,Riverside,1.0049690456530502,0.7852303511665216,1.2830345456672443,"(0, 0, 2)","(0, 0, 0, 12)",-0.26800768198116026
32068,Middleburg,1.0107093441055588,0.7458028237926376,1.3646252002607717,"(0, 0, 2)","(0, 0, 0, 12)",-0.2063193812169837
96720,Hilo,1.035524110850281,0.8162346647756892,1.3106834035923773,"(3, 0, 1)","(1, 0, 0, 12)",-0.208030226343728
92626,Costa Mesa,0.9723582763524651,0.797908240684299,1.182960663971477,"(1, 0, 2)","(0, 0, 0, 12)",-0.431177957878732
37043,Clarksville,1.0165826158189,0.8160850042862997,1.2638747775407266,"(0, 0, 2)","(0, 0, 0, 12)",-0.27200660970339263
30606,Athens,1.2531160819132368,0.9595141506640913,1.6315616937047486,"(3, 0, 1)","(0, 0, 0, 12)",0.1707196004206033
33065,Coral Springs,1.0348664627979152,0.7905389896377244,1.3505886011331976,"(1, 0, 1)","(0, 0, 0, 12)",-0.1848370733216893
89129,Las Vegas,1.1141331781395767,0.8623524095297298,1.4353976745439967,"(1, 0, 1)","(0, 0, 0, 12)",-0.04231989555224244
33914,Cape Coral,1.0134251750789247,0.7863103136137075,1.302750530630834,"(0, 0, 2)","(0, 0, 0, 12)",-0.24196260226305896
92805,Anaheim,1.0069799342608041,0.8104200002325971,1.2488136893255268,"(0, 0, 3)","(0, 0, 0, 12)",-0.2997407647741676
92880,Eastvale,1.02649628802677,0.8284092535214711,1.2695428349246587,"(1, 0, 1)","(0, 0, 0, 12)",-0.25363769749520365
75007,Carrollton,1.0012348817768812,0.7191787666082251,1.387674595445539,"(0, 0, 3)","(0, 0, 0, 12)",-0.20516135809455172
23185,Williamsburg,1.0004280416635027,0.8592837785724206,1.1636608328168088,"(2, 0, 0)","(0, 0, 0, 12)",-0.4532416301243848
20850,Rockville,0.9971520946037455,0.8414101257894099,1.1803368488112038,"(0, 0, 2)","(0, 0, 0, 12)",-0.41670452550553344
87109,Albuquerque,1.0194654573059605,0.8154091163275852,1.272037590462784,"(1, 0, 2)","(0, 0, 0, 12)",-0.2604282109672325
92253,La Quinta,0.9989041558060128,0.8049810874000322,1.237206828215813,"(0, 0, 2)","(0, 0, 0, 12)",-0.3227022940198342
21228,Catonsville,1.012543854207269,0.7689996240789959,1.3291375394913714,"(0, 0, 2)","(0, 0, 0, 12)",-0.2246599207657179
90255,Huntington Park,0.9912287553378967,0.7399765723298621,1.3230496793111892,"(1, 0, 1)","(0, 0, 0, 12)",-0.2523793960000003
27613,Raleigh,1.0306391767129588,0.882663155999547,1.2022089338887239,"(1, 0, 3)","(0, 0, 0, 12)",-0.33718241530356374
65802,Springfield,1.0109052296031757,0.7996100705840143,1.275163763769291,"(1, 0, 1)","(1, 0, 0, 12)",-0.2680647130393448
75149,Mesquite,1.0321651785348507,0.6041636615377062,1.7419914580428537,"(2, 0, 1)","(0, 0, 0, 12)",-0.0933526283090381
11434,New York,1.0193220709231448,0.797111801883044,1.3002524665437227,"(2, 0, 1)","(0, 0, 0, 12)",-0.2366382432213846
33810,Lakeland,1.0072599858418108,0.7561389063952978,1.3373204149839608,"(0, 0, 2)","(0, 0, 0, 12)",-0.22561696496211375
55337,Burnsville,1.0535685436769833,0.84789316963496,1.3066208248249374,"(0, 0, 2)","(1, 0, 0, 12)",-0.18489369294637067
80020,Broomfield,1.0913505809172281,0.8326594404490173,1.4258984738868217,"(1, 0, 1)","(0, 0, 0, 12)",-0.07928307197168015
19464,Pottstown,0.9687176636828686,0.7292502885363314,1.282627683263846,"(1, 0, 2)","(2, 0, 0, 12)",-0.3066022064424291
33578,Riverview,1.0947070184515737,0.8142275217218967,1.4664214742244852,"(3, 0, 0)","(0, 0, 0, 12)",-0.06696991789407998
80123,Denver,1.0925803347092862,0.8045855317550996,1.4770036243920381,"(2, 0, 1)","(0, 0, 0, 12)",-0.06811842169918018
49009,Oshtemo,0.9989316108927875,0.783214070077569,1.271033187258349,"(0, 0, 2)","(0, 0, 0, 12)",-0.28586986056395275
90024,Los Angeles,1.0068179013082168,0.7896425470942188,1.2806533647003893,"(0, 0, 2)","(0, 0, 0, 12)",-0.2679502933049379
78250,San Antonio,0.908223707426761,0.5701844435462831,1.432626543241351,"(1, 0, 1)","(1, 0, 0, 12)",-0.2668708850788987
75061,Irving,1.060160212934086,0.6342494092195142,1.7527475073277983,"(1, 0, 1)","(0, 0, 0, 12)",-0.06993680284293931
75025,Plano,0.9976860947010675,0.7648258699226254,1.2977274690521863,"(0, 0, 2)","(0, 0, 0, 12)",-0.26402303808139443
75703,Tyler,1.1084546049024508,0.8563000284198468,1.430926984937898,"(3, 0, 0)","(0, 0, 0, 12)",-0.05208559859529753
98125,Seattle,1.0958936673645518,0.7891561262713759,1.5150669379782866,"(1, 0, 1)","(2, 0, 0, 12)",-0.05853436242011986
80504,Longmont,1.0947887440788082,0.8490135228979745,1.40773714788886,"(1, 0, 1)","(0, 0, 0, 12)",-0.07802721752385271
33614,Egypt Lake-Leto,1.2053639552070499,0.726508614519203,1.9785726049683876,"(3, 0, 0)","(0, 0, 0, 12)",0.05349531798397384
20744,Fort Washington,1.0689514732838077,0.903508147305158,1.2632455884493272,"(1, 0, 3)","(0, 0, 0, 12)",-0.19300999194591417
43235,Columbus,1.020281200885525,0.7658199345589414,1.3546609466523456,"(1, 0, 2)","(0, 0, 0, 12)",-0.20056889820953652
89122,Las Vegas,1.3472285214869761,0.947780249618395,1.9046726002943382,"(1, 0, 1)","(0, 0, 0, 12)",0.21825247891025812
93312,Bakersfield,1.0493663054361853,0.9030419196654328,1.2182854192966752,"(1, 0, 1)","(2, 0, 0, 12)",-0.2823788232576774
20774,Kettering,1.0213680852190412,0.8150579692477785,1.277260482593941,"(0, 0, 2)","(1, 0, 0, 12)",-0.2531710782693386
98661,Vancouver,1.004929894428852,0.7301729329819985,1.3773786710393794,"(0, 0, 2)","(0, 0, 0, 12)",-0.20620104493109964
23188,Williamsburg,0.9861061645736434,0.8276178004800867,1.1734783483831943,"(0, 0, 2)","(1, 0, 0, 12)",-0.44028794336700317
73072,Norman,0.9918426362729186,0.7969827752782679,1.2319175931065247,"(1, 0, 3)","(0, 0, 0, 12)",-0.3369280904216642
29501,Florence,0.9858257699688922,0.8114764483075667,1.1958082431144619,"(0, 0, 2)","(0, 0, 0, 12)",-0.39694510314830295
62704,Springfield,0.9961438882006138,0.8813216619606535,1.125246877001275,"(0, 0, 2)","(0, 0, 0, 12)",-0.58313161957195
80012,Aurora,1.083211810408802,0.7946264429172827,1.4705560611858777,"(1, 0, 1)","(1, 0, 0, 12)",-0.08162474612994627
70816,Baton Rouge,1.0837119719587176,0.8624201131737601,1.3588381722461047,"(1, 0, 1)","(0, 0, 0, 12)",-0.11013382962967985
19147,Philadelphia,1.0181145103553155,0.7630701569911407,1.3538365775331465,"(0, 0, 2)","(1, 0, 0, 12)",-0.20358280254999764
78681,Round Rock,1.020113877698835,0.8392346324914809,1.2380308811212282,"(2, 0, 1)","(0, 0, 0, 12)",-0.29656877818993216
15642,North Huntingdon,1.0313020731589853,0.8003963992129308,1.3253021937716893,"(3, 0, 1)","(2, 0, 0, 12)",-0.20400293129306538
70001,Metairie,1.0488561518910613,0.7293492846486247,1.5001162320113606,"(1, 0, 1)","(0, 0, 0, 12)",-0.1161547499110555
80918,Colorado Springs,1.029698836621733,0.796598948712763,1.3272214918598308,"(1, 0, 1)","(0, 0, 0, 12)",-0.20482649801373246
60643,Chicago,0.9886141280078132,0.7381899959171836,1.3194572537770317,"(0, 0, 3)","(0, 0, 0, 12)",-0.25766162443986496
47374,Richmond,1.0097602719383398,0.4368227074351805,2.2703013651628403,"(0, 0, 2)","(0, 0, 0, 12)",-0.07015305109837455
97501,Medford,1.147284087949433,0.877856275162565,1.4949257261276512,"(3, 0, 0)","(0, 0, 0, 12)",0.014422516029316502
46360,Michigan City,0.9628571837401453,0.5486827691931297,1.6687625092884646,"(0, 0, 1)","(2, 0, 0, 12)",-0.15670956618374543
72701,Fayetteville,1.1873015329923913,0.763728691971191,1.8307455476377918,"(1, 0, 2)","(1, 0, 0, 12)",0.04584476696025908
32935,Melbourne,1.0033780635850675,0.6691077591886371,1.4947793687485658,"(0, 0, 2)","(0, 0, 0, 12)",-0.16351092704831705
33020,Hollywood,1.264363229446479,0.8517304919471843,1.8650613734464967,"(0, 0, 2)","(1, 0, 1, 12)",0.12432152009262236
29414,Charleston,1.0033911923530916,0.78979848917128,1.271686752958848,"(1, 0, 1)","(0, 0, 0, 12)",-0.2801338229065179
12065,Clifton Park,1.017563571353525,0.8823923729828226,1.1724739165786706,"(1, 0, 1)","(1, 0, 0, 12)",-0.4165064107508146
85326,Buckeye,1.1961494783508229,0.970301981095823,1.471773752126413,"(3, 0, 0)","(0, 0, 0, 12)",0.11519109905313418
14120,North Tonawanda,1.221564598474552,0.894429044304067,1.661558285509863,"(2, 0, 0)","(0, 1, 0, 12)",0.1084304965902739
63031,Florissant,1.0029205368374465,0.7653971138711086,1.310306951693891,"(0, 0, 2)","(0, 0, 0, 12)",-0.24859866286410687
11224,New York,1.017139518238731,0.6953970649358554,1.4790913274326087,"(0, 0, 2)","(0, 0, 0, 12)",-0.15470940833059726
97223,Tigard,1.065287713987285,0.8172276572433371,1.3844803489838229,"(1, 0, 1)","(0, 0, 0, 12)",-0.1288608780156196
40214,Louisville,1.0055289789430084,0.7957828699689596,1.2677583672907542,"(0, 0, 2)","(0, 0, 0, 12)",-0.2814879495070437
23434,Suffolk,1.0103428975173327,0.8726258523510291,1.1687796380104756,"(0, 0, 2)","(0, 0, 0, 12)",-0.4323479981835938
89115,Las Vegas,1.0861889987351656,0.7389576173231545,1.586541241580178,"(1, 0, 1)","(0, 0, 0, 12)",-0.06158141058031351
75068,Little Elm,1.0050096961839763,0.796495908838124,1.265360285330832,"(0, 0, 2)","(0, 0, 0, 12)",-0.28446327851863495
77063,Houston,1.0207553776297107,0.6815364674610441,1.518796406960912,"(0, 0, 2)","(0, 0, 0, 12)",-0.14049282752288597
75080,Richardson,1.0541711409606627,0.686093748043295,1.6070933672197443,"(2, 0, 2)","(0, 0, 0, 12)",-0.09143679453019506
67212,Wichita,0.9969844381043401,0.8079135835541739,1.2280398570439264,"(1, 0, 1)","(1, 0, 0, 12)",-0.3365653726505071
27526,Fuquay Varina,1.094974105312869,0.9632450137583747,1.2438539457733235,"(1, 0, 3)","(0, 0, 0, 12)",-0.154700309349048
22554,Stafford,1.0058279844309224,0.8044649220025768,1.2550329947784136,"(1, 0, 2)","(0, 0, 0, 12)",-0.29419840747729514
15237,Ross,1.006106198219131,0.834782827536607,1.2108942359732344,"(0, 0, 2)","(0, 0, 0, 12)",-0.3516995036986351
85248,Chandler,1.0501285467066221,0.8523375142258172,1.2914889691414941,"(1, 0, 1)","(0, 0, 0, 12)",-0.20096904201766044
33322,Sunrise,1.0277608687898525,0.690788642969532,1.5190917089509237,"(1, 0, 2)","(0, 0, 0, 12)",-0.13355440738441052
73120,Oklahoma City,1.0287138065340609,0.844263547975319,1.251428753678621,"(3, 0, 0)","(0, 0, 0, 12)",-0.26935156990684206
7601,Hackensack,1.0034418820718325,0.7792300177576166,1.2888257717135052,"(0, 0, 2)","(0, 0, 0, 12)",-0.2648030537584422
85338,Goodyear,1.0881604560960942,0.8546620931799005,1.3820028409024405,"(1, 0, 1)","(0, 0, 0, 12)",-0.0952400094673105
30016,Covington,1.0018772677063685,0.5825965363361485,1.7024294510109965,"(2, 0, 1)","(0, 0, 0, 12)",-0.12189954805441211
33125,Miami,1.0084998648462251,0.6034714612576493,1.6675134571745285,"(0, 0, 3)","(0, 0, 0, 12)",-0.12206710783397383
47401,Bloomington,0.9407696706459034,0.5771009635548279,1.518223649106196,"(3, 0, 1)","(2, 0, 0, 12)",-0.2099776429679932
7470,Wayne,0.9927859494055667,0.8380529498214886,1.174712985263406,"(0, 0, 2)","(1, 0, 0, 12)",-0.4324791456312917
33062,Pompano Beach,1.013984234686616,0.7473003053660664,1.370675682326636,"(0, 0, 2)","(0, 0, 0, 12)",-0.1995589877508754
57701,Rapid City,0.9982596700784226,0.88662186815547,1.123317299536462,"(0, 0, 2)","(0, 0, 0, 12)",-0.5920043450171878
38111,Memphis,0.9780535736289233,0.3840923955425744,2.4061887800392374,"(2, 0, 2)","(1, 0, 0, 12)",-0.07928940554071241
27360,Thomasville,1.0271476573725673,0.7389471845353571,1.4213826137189827,"(3, 0, 0)","(1, 0, 0, 12)",-0.16299965062216804
85224,Chandler,1.1062601493291122,0.8723249140504958,1.399512575014583,"(1, 0, 1)","(0, 0, 0, 12)",-0.06093512225576103
70506,Lafayette,1.0461366697752934,0.8563814191421182,1.2758587102472614,"(1, 0, 0)","(1, 0, 0, 12)",-0.2199111276878919
8054,Mt Laurel,1.0034149902819105,0.837405689424178,1.2007398667088516,"(0, 0, 2)","(0, 0, 0, 12)",-0.37147455994492934
95020,Gilroy,1.0142550749236294,0.7455234973262034,1.374566318902128,"(0, 0, 3)","(0, 0, 0, 12)",-0.19733047531975673
38017,Collierville,1.1915296155127324,0.8584942729313053,1.6460250501031204,"(1, 0, 1)","(1, 0, 1, 12)",0.06748335830365927
11691,New York,1.0143307590267518,0.6008832791773858,1.6932725588748845,"(2, 0, 1)","(1, 0, 0, 12)",-0.11356174687954487
54956,Neenah,1.0110818918114075,0.8148484052830651,1.2522129407864124,"(0, 0, 2)","(0, 0, 0, 12)",-0.2910672717068203
34655,New Port Richey,1.0059156905400304,0.7793137886907474,1.2949923330176831,"(0, 0, 2)","(0, 0, 0, 12)",-0.25688232488818297
55044,Lakeville,1.0141429739602539,0.8244125157338565,1.24536599825709,"(0, 0, 2)","(0, 0, 0, 12)",-0.29514287231149466
33615,Town 'n' Country,1.1570178412641448,0.5814591560864696,2.256031222712163,"(2, 0, 1)","(0, 0, 0, 12)",0.011127289015398474
19335,East Brandywine,1.0176511694336343,0.8866497691004526,1.1671009071626444,"(0, 0, 2)","(1, 0, 0, 12)",-0.4304964683055766
85122,Casa Grande,1.0178326827487365,0.7856198460953747,1.3151115031253675,"(0, 0, 2)","(0, 0, 0, 12)",-0.22767442990347714
45014,Fairfield,1.0467632566375005,0.8216793008680557,1.330334794779899,"(0, 0, 2)","(1, 0, 0, 12)",-0.18012414760247583
93277,Visalia,1.0040388342745106,0.7924907539400345,1.2692250186435243,"(0, 0, 1)","(0, 0, 0, 12)",-0.2818038676341729
93063,Simi Valley,1.0817955924073992,0.8665689627092139,1.3477289125367449,"(1, 0, 2)","(0, 0, 0, 12)",-0.11760912668349119
27615,Raleigh,1.0226589975177647,0.8853032001505671,1.1802938096688906,"(1, 0, 3)","(0, 0, 0, 12)",-0.3923019670791741
37918,Knoxville,1.0134191441396536,0.8247586456279501,1.2431046976478535,"(0, 0, 2)","(0, 0, 0, 12)",-0.2987126307483082
55106,Saint Paul,1.007235052322213,0.7317548121768299,1.3807160802085239,"(0, 0, 2)","(0, 0, 0, 12)",-0.20209116944259511
96744,Kaneohe,1.0287877286850267,0.8408500152537013,1.2566129976341964,"(1, 0, 1)","(0, 0, 0, 12)",-0.2636037113962228
75071,McKinney,1.0330634069101643,0.7524522858208011,1.4123606872595649,"(1, 0, 1)","(0, 0, 0, 12)",-0.1595994031321581
37660,Kingsport,1.035966088161964,0.7108352859590005,1.5008208272011152,"(3, 0, 0)","(2, 0, 0, 12)",-0.12964579779357568
1844,Methuen,1.0053244355487503,0.7905905127364019,1.2753967160991535,"(0, 0, 2)","(0, 0, 0, 12)",-0.2744600985507119
60411,Chicago Heights,0.9996796771739119,0.580917319674657,1.7002117574629696,"(0, 0, 2)","(0, 0, 0, 12)",-0.1239215634823053
55303,Ramsey,1.0076922605912557,0.7601993594912081,1.3313597741195657,"(2, 0, 1)","(0, 0, 0, 12)",-0.22881861201020123
48307,Rochester Hills,1.005990850261936,0.8190722905303576,1.2334511425896297,"(0, 0, 2)","(0, 0, 0, 12)",-0.31949879435646067
80014,Aurora,1.1043990983546719,0.8153403235721312,1.4899294916827837,"(1, 0, 1)","(0, 0, 0, 12)",-0.05037924881331787
85283,Tempe,1.014934847784061,0.8367663714207538,1.2291942882453468,"(0, 0, 2)","(0, 0, 0, 12)",-0.31457890946327843
34741,Kissimmee,1.0916377687419934,0.6485756460114005,1.8166865406975268,"(1, 0, 2)","(0, 0, 0, 12)",-0.04001899594666061
17701,Williamsport,1.0111331674942592,0.7417724828560217,1.3730048819175444,"(0, 0, 2)","(0, 0, 0, 12)",-0.20159172215592483
27612,Raleigh,1.0464413644287494,0.8299653207179789,1.3163613132779954,"(1, 0, 1)","(0, 0, 0, 12)",-0.18902916734371186
87105,South Valley,0.9973583664787452,0.7930603553573853,1.251640113315229,"(0, 0, 2)","(0, 0, 0, 12)",-0.30752780726947515
77546,Friendswood,0.9852453489276727,0.6941488879003554,1.391298832593326,"(1, 0, 2)","(0, 0, 0, 12)",-0.2196644296392483
92103,San Diego,1.0113581582195288,0.7550649644032851,1.3499220320756569,"(2, 0, 2)","(0, 0, 0, 12)",-0.21354076901061675
6492,Wallingford,0.9888816945937402,0.8487345150972033,1.1510830216767354,"(0, 0, 2)","(1, 0, 0, 12)",-0.49447143298067203
43232,Columbus,1.0013230689503456,0.6206416251543119,1.6003363069758305,"(1, 0, 1)","(0, 0, 0, 12)",-0.13990208122443584
93720,Fresno,1.0634310723402898,0.8315911032612123,1.3565108581927223,"(1, 0, 1)","(0, 0, 0, 12)",-0.14279005668433545
76010,Arlington,1.0911270502940722,0.6081593557617129,1.9300265732469748,"(1, 0, 1)","(0, 0, 0, 12)",-0.035750446779002784
73071,Norman,0.9970519922570149,0.728985609268285,1.3580618066713723,"(1, 0, 3)","(1, 0, 0, 12)",-0.22466658606399695
91367,Los Angeles,1.004962072657147,0.8261451219763505,1.2205788150531967,"(0, 0, 2)","(0, 0, 0, 12)",-0.33826299219967054
85207,Mesa,1.0170452539651456,0.8430716120053914,1.2251656739622876,"(0, 0, 3)","(0, 0, 0, 12)",-0.31756353217085637
92507,Riverside,1.0036522303173732,0.80628643503027,1.2469267581612005,"(0, 0, 2)","(0, 0, 0, 12)",-0.30576448979291554
27604,Raleigh,1.170096311036076,1.004763317226363,1.361324309158434,"(1, 0, 3)","(0, 0, 0, 12)",0.08893826821199212
55104,Saint Paul,1.0043292144147842,0.7513546822716909,1.3379471171731059,"(0, 0, 2)","(0, 0, 0, 12)",-0.22853206333871867
23608,Newport News,1.000746924361885,0.7809812212931417,1.2791348966588818,"(1, 0, 2)","(0, 0, 0, 12)",-0.27629520034906974
8053,Evesham,1.0038467545940695,0.7376792183956644,1.3607694639121966,"(2, 0, 2)","(0, 0, 0, 12)",-0.21591998956120467
27513,Cary,1.0061731393823918,0.8558615550329667,1.1816392019545134,"(0, 0, 3)","(0, 0, 0, 12)",-0.4058327996676046
28262,Charlotte,1.0687709939271115,0.7749811367328897,1.4675420695272452,"(1, 0, 1)","(0, 0, 0, 12)",-0.10051592095109789
95831,Sacramento,0.9963576646225326,0.7759782325591713,1.2761009033721205,"(0, 0, 2)","(0, 0, 0, 12)",-0.283983785514643
32837,Orlando,1.0103596806641235,0.781998113814453,1.3019387001010256,"(0, 0, 2)","(0, 0, 0, 12)",-0.24622950509003236
18103,Allentown,1.0543359444046605,0.819051513690424,1.3536089518486718,"(3, 0, 0)","(0, 0, 0, 12)",-0.15722996912475054
77407,Richmond,1.009359539747359,0.7383541365791496,1.3742853296598934,"(1, 0, 3)","(0, 0, 0, 12)",-0.20289121772635932
80526,Fort Collins,1.0734192161925273,0.8026370637661273,1.430328122258111,"(1, 0, 1)","(0, 0, 0, 12)",-0.10349865085737858
16001,Butler,1.013524963399044,0.8354289116360153,1.227737728508414,"(0, 0, 2)","(0, 0, 0, 12)",-0.3182682242475704
28173,Waxhaw,1.006565720472957,0.825986970610185,1.2246921639826132,"(0, 0, 2)","(0, 0, 0, 12)",-0.3306168959419586
75074,Plano,1.0594541458279672,0.7121216475457234,1.5658522849582222,"(2, 0, 1)","(0, 0, 0, 12)",-0.09245333904490476
32164,Palm Coast,1.0715261865399521,0.7440150951054888,1.5347267318515596,"(2, 0, 0)","(0, 0, 0, 12)",-0.08455447505094234
14075,Hamburg,1.000988876496592,0.8555171705313724,1.1700450355939491,"(0, 0, 1)","(0, 0, 0, 12)",-0.4368309859533754
74055,Owasso,1.016729319683017,0.8496875271638246,1.2150034033944508,"(1, 0, 1)","(0, 0, 0, 12)",-0.3330133786517096
75219,Dallas,1.0348415530259834,0.6715307680237825,1.5821397431019621,"(1, 0, 1)","(1, 0, 0, 12)",-0.1137072483464317
55113,Roseville,1.0286795351275682,0.8090035403766271,1.3048960676802857,"(1, 0, 1)","(0, 0, 0, 12)",-0.22122708597893814
93436,Lompoc,1.0393952851426576,0.8296521576511013,1.2994973523610698,"(0, 0, 2)","(1, 0, 0, 12)",-0.21068451880227307
10469,New York,1.0152796478611488,0.7249401033821545,1.4153915744247845,"(0, 0, 2)","(0, 0, 0, 12)",-0.17829601529364839
28110,Monroe,1.1309865695173171,0.771657056048011,1.6473426060286813,"(1, 0, 1)","(1, 0, 0, 12)",-0.008448037522754281
90049,Los Angeles,0.9974219994839113,0.7801884617126125,1.2720322939302222,"(0, 0, 2)","(0, 0, 0, 12)",-0.2865999026199221
92223,Beaumont,1.0014278934389975,0.8011527578284369,1.2492508340630355,"(0, 0, 2)","(0, 0, 0, 12)",-0.3056395635829229
7024,Fort Lee,1.0009619246324535,0.7785190933206153,1.2836737734878836,"(0, 0, 2)","(0, 0, 0, 12)",-0.2720403762739174
97330,Corvallis,0.9565987087402803,0.6601882509809643,1.3781686092434824,"(1, 0, 2)","(0, 0, 0, 12)",-0.2531903318376576
94121,San Francisco,1.0155534989448094,0.6911098936570103,1.4834161847515481,"(0, 0, 2)","(0, 0, 0, 12)",-0.15502955907013238
53215,Milwaukee,1.0125947077294084,0.6511825070666963,1.5623907850344796,"(0, 0, 2)","(0, 0, 0, 12)",-0.13804712842690678
95207,Stockton,1.0108664938719523,0.6847970179521845,1.4831036783420268,"(0, 0, 2)","(0, 0, 0, 12)",-0.1597354830629418
95616,Davis,0.9937636294255617,0.7551231203874242,1.3038480102069578,"(0, 0, 2)","(0, 0, 0, 12)",-0.2635578723678621
20171,Herndon,1.004477752211372,0.9004976573456221,1.1199259735998421,"(0, 0, 2)","(0, 0, 0, 12)",-0.6102523319514391
92346,Highland,1.0074428071218329,0.7836972023505908,1.2917666351132224,"(0, 0, 2)","(0, 0, 0, 12)",-0.2577238037483553
91706,Baldwin Park,1.0997447919846832,0.8791988545240547,1.372816382653353,"(0, 0, 2)","(1, 0, 0, 12)",-0.07827842350623145
48183,Trenton,1.1839372210752972,0.8564433175933327,1.6296518274138685,"(0, 0, 3)","(2, 0, 0, 12)",0.05891402719323744
92801,Anaheim,1.0020969100554036,0.8252001314922808,1.2150684466731219,"(0, 0, 2)","(0, 0, 0, 12)",-0.349573121332178
90277,Redondo Beach,1.032684305446565,0.73811452247679,1.4379432649625372,"(1, 0, 3)","(0, 0, 0, 12)",-0.15103707812811812
29526,Conway,1.012882857006768,0.7776245917985152,1.3156066844365526,"(0, 0, 3)","(0, 0, 0, 12)",-0.23328199695181834
91766,Pomona,1.0029424521901018,0.8005247384101652,1.2539596922658496,"(0, 0, 2)","(0, 0, 0, 12)",-0.2987020311510725
27107,Winston-Salem,0.9983904725836447,0.7372154385564719,1.3469566508632305,"(1, 0, 1)","(1, 0, 0, 12)",-0.22959563580821638
91744,La Puente,1.000758196534234,0.7949185326418869,1.257173312440348,"(0, 0, 3)","(0, 0, 0, 12)",-0.2977280136020602
43016,Dublin,1.0029317686303467,0.7877949077616291,1.27381429521124,"(0, 0, 2)","(0, 0, 0, 12)",-0.27869798771223747
24502,Lynchburg,1.0008377817168255,0.8395662167630075,1.191601000665222,"(0, 0, 2)","(0, 0, 0, 12)",-0.39071881096576155
43224,Columbus,1.0254951978893132,0.5460225058378341,1.8952323057851805,"(2, 0, 0)","(0, 0, 0, 12)",-0.08367060187139161
46226,Indianapolis,1.0406545606501238,0.47733499607700847,2.2146216992458423,"(0, 0, 3)","(0, 0, 0, 12)",-0.05625429186403326
76542,Killeen,0.9966861369117056,0.8842450117198386,1.1227795161622995,"(2, 0, 1)","(0, 0, 0, 12)",-0.5940367299111742
33442,Deerfield Beach,0.9879266587893367,0.7331268008721857,1.326419071627734,"(2, 0, 0)","(0, 0, 0, 12)",-0.25359800309002056
92404,San Bernardino,1.1011905965710902,0.8747040120442094,1.383230857489356,"(1, 0, 2)","(0, 0, 0, 12)",-0.07314028288524123
98391,Bonney Lake,1.0920593302642672,0.800821250397178,1.4830953682157098,"(3, 0, 0)","(0, 0, 0, 12)",-0.06789802284386483
32725,Deltona,1.0139154819981568,0.6340966626343695,1.6067411058188752,"(0, 0, 3)","(0, 0, 0, 12)",-0.12796959132980887
55112,New Brighton,1.004523764953758,0.8082253638077688,1.2460113579851777,"(1, 0, 3)","(0, 0, 0, 12)",-0.3057672715168767
37087,Lebanon,1.0093522929777419,0.7615580051677907,1.3335184832747415,"(0, 0, 2)","(0, 0, 0, 12)",-0.22559618341290005
90020,Los Angeles,1.0482814956688244,0.7674345255087592,1.4261503340979202,"(1, 0, 1)","(0, 0, 0, 12)",-0.13678569279496372
78233,San Antonio,1.1931127965506603,0.9888312816270727,1.4374009568838169,"(1, 0, 1)","(0, 0, 0, 12)",0.12200647004871265
8540,Princeton,1.0118656533317458,0.8518028848511117,1.2005528914154355,"(3, 0, 1)","(0, 0, 0, 12)",-0.362777743909824
26505,Morgantown,1.000430453485847,0.8921534515660444,1.1212550992948156,"(0, 0, 2)","(2, 0, 0, 12)",-0.6021516727769737
33180,Aventura,1.0236523850880035,0.6859889720958439,1.5175702183115989,"(3, 0, 1)","(0, 0, 0, 12)",-0.1379684899530751
87123,Albuquerque,1.0053222212501176,0.8067770005960094,1.2502859046577233,"(0, 0, 2)","(0, 0, 0, 12)",-0.3000214233197322
75023,Plano,1.0410148527467913,0.724802093980458,1.4869290363132506,"(2, 0, 1)","(0, 0, 0, 12)",-0.12776026636305243
85711,Tucson,1.0110158140011352,0.7807006766645895,1.3057494859840655,"(0, 0, 2)","(0, 0, 0, 12)",-0.24258426576690426
48170,Plymouth,1.0035046207313114,0.7629292561386604,1.3159185982955077,"(0, 0, 3)","(0, 0, 0, 12)",-0.24391025809701675
97202,Portland,0.9954229506698997,0.716791100421178,1.3764077335663225,"(0, 0, 2)","(0, 0, 0, 12)",-0.21673413926833174
29073,Lexington,1.0170128713480884,0.8695583693231196,1.1882861415306492,"(2, 0, 0)","(0, 0, 0, 12)",-0.3807999588895941
37221,Nashville,1.0075576675653388,0.797655557688366,1.2699053003949077,"(0, 0, 2)","(0, 0, 0, 12)",-0.27702868737748604
15108,Moon,1.0019620615697378,0.7912590595457469,1.2658929866435833,"(0, 0, 3)","(0, 0, 0, 12)",-0.28742642390970297
60435,Joliet,1.0024643631433061,0.7755984619677155,1.292260560860208,"(0, 0, 2)","(0, 0, 0, 12)",-0.2630733530671926
87110,Albuquerque,1.053081399842149,0.847069444011501,1.3067048278902826,"(2, 0, 1)","(2, 0, 0, 12)",-0.1855883969151408
80537,Loveland,1.0656845596012783,0.7584838869086443,1.489957028075496,"(2, 0, 1)","(0, 0, 0, 12)",-0.0993882484658807
19403,West Norriton,0.9984870109193763,0.8571490250633704,1.1620361358594067,"(0, 0, 2)","(0, 0, 0, 12)",-0.45884977760145446
48111,Van Buren,1.0308875991932132,0.7072127953014486,1.4941071894367277,"(0, 0, 3)","(1, 0, 0, 12)",-0.13660892174305422
75024,Plano,1.0469259067595897,0.8390115928819191,1.3037025161420968,"(1, 0, 3)","(0, 0, 0, 12)",-0.19681573829857388
54703,Eau Claire,1.0798134394991137,0.9026169813339303,1.2900008241233152,"(1, 0, 0)","(0, 0, 0, 12)",-0.15119617271807093
21044,Columbia,0.9977703904455549,0.8424928285228115,1.1803023291339054,"(0, 0, 2)","(0, 0, 0, 12)",-0.4162523647255726
30064,Marietta,1.0033002781994909,0.7984559342935184,1.2580384948947327,"(0, 0, 2)","(0, 0, 0, 12)",-0.29392785384520037
75227,Dallas,1.0390606214989955,0.5851001664291557,1.8195903096268935,"(1, 0, 2)","(0, 0, 0, 12)",-0.08045732317101428
95828,Florin,0.9939009491092725,0.6981300000270071,1.407870903984591,"(0, 0, 2)","(0, 0, 0, 12)",-0.20357209791173286
